id,smiles,notes,params_json
CHEMBL212206,C[C@@H](NC(=O)Cc1ccccc1)C(=O)N1O[C@H](C(=O)O)C[C@@H]1C(=O)O,,
CHEMBL3330028,[N-]=[N+]=NCC/C(=C(\c1ccccc1)c1ccc(OCCO)cc1)c1ccccc1,,
CHEMBL212052,Cn1ncnc1COc1nn2c(-c3ccccc3F)nncc2c1-c1ccccc1Cl,,
CHEMBL212055,CO[C@@H]1CC=CC(=O)[C@H]1OCc1ccccc1,,
CHEMBL211907,CC(CN)(Cc1ccccc1)c1nnn[nH]1,,
CHEMBL212985,Cc1ccccc1NC(=O)NCc1ccc(-c2n[nH]c3c2Cc2ccc(CN4CCN(C)CC4)cc2-3)s1,,
CHEMBL213081,O=CC(Cc1ccccc1)NC(=O)[C@H]1CSCN1S(=O)(=O)c1ccc(Br)cc1,,
CHEMBL4447828,CC[C@H](C)[C@@H]1NC(=O)[C@@H]2CCCN2C(=O)[C@@H]2CCCN2C(=O)[C@H]([C@@H](C)CC)NC(=O)[C@H](CO)NC(=O)[C@H](CCCCN)NC(=O)[C@H]([C@@H](C)O)NC(=O)C2CSSC[C@H](NC1=O)C(=O)N[C@@H](Cc1ccccc1)C(=O)N1CCC[C@H]1C(=O)N[C@@H](CC(=O)O)C(=O)NCC(=O)N[C@@H](CCCNC(=N)N)C(=O)N2,,
CHEMBL212362,CC(/C=C\c1ccccc1S(=O)(=O)Nc1ccc2c(c1C(=O)O)CCCC2)N1CCCC1,,
CHEMBL212290,CO/N=C(/CCN1CCN(c2ccccn2)CC1)c1ccccc1Cl,,
CHEMBL4447955,CSCC[C@H](NC(=O)[C@H](CCC(=O)O)NC(=O)[C@H](CCCCN)NC(=O)[C@H](CO)NC(=O)[C@H](CCCNC(=N)N)NC(=O)[C@H](CCCCN)NC(=O)[C@H](CO)NC(=O)[C@@H](NC(=O)[C@H](Cc1cnc[nH]1)NC(=O)[C@H](CC(C)C)NC(=O)[C@H](CCC(N)=O)NC(=O)[C@@H](NC(=O)[C@H](C)NC(=O)[C@H](CC(C)C)NC(=O)[C@@H]1CCCN1C(=O)[C@H](Cc1ccccc1)NC(=O)[C@H](CO)NC(=O)[C@H](C)NC(=O)[C@H](Cc1ccc(O)cc1)NC(=O)CNC(=O)[C@H](C)NC(C)=O)C(C)C)C(C)C)C(=O)N[C@@H](C)C(=O)N[C@@H](CC(C)C)C(=O)N[C@@H](C)C(=O)N[C@@H](CCCNC(=N)N)C(=O)N[C@@H](CC(C)C)C(=O)N[C@@H](Cc1ccc(O)cc1)C(=O)N[C@@H](Cc1ccc(O)cc1)C(=O)N[C@@H](CCCCN)C(=O)N[C@H](C(=O)N[C@@H](CO)C(N)=O)[C@@H](C)O,,
CHEMBL212221,CCCCN1C(=O)O[C@H](COC(=O)C2CCCCC2)[C@H]1Cc1ccccc1,,
CHEMBL212300,COc1ccccc1COc1ccc(Br)cc1Cn1nc(C(=O)O)cc1C,,
CHEMBL212145,CCC(c1nn2cccc2c(=O)n1Cc1ccccc1)N(CCCO)C(=O)c1ccc(C)cc1,,
CHEMBL212066,N#CC(CN(Cc1ccccc1)C(=O)Nc1ccc(Cl)c(Cl)c1)C(O)c1ccccc1,,
CHEMBL212069,O=C(Nc1ccccc1NC(=O)c1cc2ccccc2oc1=O)c1cc2ccccc2oc1=O,,
CHEMBL213221,Cc1cc(C(=O)O)nn1Cc1cc(Br)ccc1OCc1ccccc1,,
CHEMBL213148,CN1[C@@H](CCc2ccccc2)CCC[C@H]1C[C@@H](O)c1ccccc1,,
CHEMBL4448160,N#Cc1c(NC2CCCC2)nc(SCCO)c(C#N)c1-c1ccco1,,
CHEMBL4448161,Cc1ccccc1N1CCN(C(=O)[C@H]2C[C@@H]2c2ccccc2)CC1,,
CHEMBL4448166,COc1ccccc1N1CCN(CCCCNC(=O)NN(Cc2ccccc2)c2ccc(F)cc2)CC1,,
CHEMBL4448169,CSCC[C@H](NC(=O)[C@@H]1CCCN1C(=O)[C@H](Cc1c[nH]c2ccccc12)NC(=O)[C@H](CO)NC(=O)[C@H](CCCNC(=N)N)NC(=O)[C@H](CCCCN)NC(=O)[C@H](Cc1cnc[nH]1)NC(=O)[C@@H](NC(=O)[C@H](Cc1cnc[nH]1)NC(=O)[C@H](CC(C)C)NC(=O)[C@H](CCC(N)=O)NC(=O)[C@@H](NC(=O)[C@H](Cc1ccccc1)NC(=O)[C@H](Cc1c[nH]c2ccccc12)NC(=O)[C@@H]1CCCN1C(=O)[C@H](Cc1ccccc1)NC(=O)[C@H](CO)NC(=O)[C@H](C)NC(=O)[C@H](Cc1ccc(O)cc1)NC(=O)CNC(C)=O)C(C)C)C(C)C)C(=O)N[C@@H](C)C(N)=O,,
CHEMBL213071,COc1ccccc1NCc1ccc(/C=C/C(=O)Nc2ccccc2N)cc1,,
CHEMBL213072,NCCCn1c2c(c3ccccc3c1=O)C(=O)c1ccccc1-2,,
CHEMBL213156,CCn1cc2c(NCCN(C)C)ccc3c2c1-c1ccccc1O3,,
CHEMBL4448273,COc1ccccc1Oc1c(NS(=O)(=O)c2ccc(C(C)C)cn2)nc(N2CCOCC2)nc1OCC#CCOC(=O)c1ccccn1,,
CHEMBL4448277,CCCCc1nc2c(C)cc(C(=O)Nc3ccccc3)cc2n1Cc1cccc2c1ccn2-c1ccccc1C(=O)O,,
CHEMBL4448278,CC(C)CN(C[C@@H](O)[C@H](Cc1ccccc1)NC(=O)[C@]12CC[C@@H](C)[C@H](C)[C@H]1C1=CC[C@@H]3[C@@]4(C)CC[C@H](O)C(C)(C)[C@@H]4CC[C@@]3(C)[C@]1(C)CC2)S(=O)(=O)c1ccc(N)cc1,,
CHEMBL3329715,CCN(Cc1ccccc1)C(=O)C1CCN(S(=O)(=O)c2ccccc2)CC1,,
CHEMBL4448553,CCCC[C@@H](C(=O)N[C@@H](CC(=O)O)C(=O)N[C@@H](Cc1ccccc1)C(N)=O)n1cc([C@H](Cc2c[nH]c3ccccc23)NC(=O)CNC(=O)[C@H](Cc2ccc(O)cc2)NC(=O)[C@H](C)NC(=O)[C@@H](CCC(=O)O)NC(=O)CN2CCN(CC(=O)O)CCN(CC(=O)O)CCN(CC(=O)O)CC2)nn1,,
CHEMBL4448556,O=C(NNC(=S)Nc1ccc(OC(F)(F)F)cc1)c1ccccc1O,,
CHEMBL3329725,CCN(Cc1ccccc1)C(=O)C1CCN(S(=O)(=O)c2ccncc2)CC1,,
CHEMBL212437,O=C(N[C@@H](CCN1CCC(n2cnc(Cc3ccccc3)n2)CC1)c1ccccc1)C1CCC1,,
CHEMBL212297,CCC(C)(C)C(=O)C(=O)N[C@H](C(=O)OCCc1ccccc1C(F)(F)F)C(C)C,,
CHEMBL4448638,NC(=O)CC[C@H](NC(=O)[C@@H](N)CS)C(=O)N[C@@H](CO)C(=O)N[C@@H](Cc1c[nH]c2ccccc12)C(=O)N[C@@H](CCC(=O)O)C(=O)N[C@@H](CS)C(=O)N[C@@H](Cc1ccc(O)cc1)C(=O)N[C@@H](Cc1c[nH]c2ccccc12)C(=O)N[C@@H](Cc1cnc[nH]1)C(=O)N[C@@H](Cc1ccc(O)cc1)C(=O)N[C@@H](Cc1ccc(O)cc1)C(=O)NCC(N)=O,,
CHEMBL4448639,COc1nc2ccc(Br)cc2cc1C(c1ccccc1)n1cc(-c2ccc(Br)cc2)nn1,,
CHEMBL212380,CC(C)(C)OC(=O)NCCCNc1ccccc1S(=O)(=O)Nc1ccc2c(c1C(=O)O)CCCC2,,
CHEMBL212224,CCN(CC)CCOc1ccccc1N1C(=O)/C(=N/c2cccc(C(F)(F)F)c2)c2ccccc21,,
CHEMBL212228,CN1CCC2(CC1)Oc1ccccc1C1CC(c3ccccc3)=NN12,,
CHEMBL213316,CNC(=O)N[C@@H]1CC[C@H](OCc2cc(C(F)(F)F)cc(C(F)(F)F)c2)[C@H]1c1ccccc1,,
CHEMBL213398,CCO/N=C(\CCN1CCN(c2ncccc2C#N)CC1)c1ccccc1,,
CHEMBL213317,CC[C@@]1(O)C(=O)OCc2c1cc1n(c2=O)Cc2c-1nc1ccccc1c2/C=N\OCCNCCCCN,,
CHEMBL213318,CCn1cc2c([N+](=O)[O-])ccc3c2c1-c1ccccc1O3,,
CHEMBL213160,CC1=NN(c2ccc(C(=O)O)cc2)C(=O)/C1=C\C=C\c1ccccc1,,
CHEMBL4447728,CC[C@H](C)[C@H](NC(=O)[C@H](CC(N)=O)NC(=O)[C@@H](NC(=O)[C@H](Cc1ccccc1)NC(=O)[C@H](CCCNC(=N)N)NC(=O)[C@@H](NC(=O)[C@H](CCCCN)NC(=O)[C@H](CCCNC(=N)N)NC(=O)[C@H](CC(C)C)NC(=O)[C@@H](NC(=O)CN)C(C)C)[C@@H](C)O)C(C)C)C(=O)N[C@@H](CC(C)C)C(=O)N[C@@H](CC(C)C)C(=O)N[C@@H](Cc1ccccc1)C(=O)N[C@@H](CCSC)C(=O)NCC(=O)N[C@@H](Cc1ccc(O)cc1)C(=O)N[C@@H](CO)C(=O)N[C@H](C(=O)O)[C@@H](C)O,,
CHEMBL212589,O=C1c2ccccc2C(=O)N1CCC(=O)N(c1ccccc1)C1CCN(CCc2ccccc2)CC1,,
CHEMBL212513,C[C@@H](O)[C@H](NC(=O)[C@H](CCCCN)NC(=O)[C@@H]1CCCN1C(=O)[C@@H](NC(=O)[C@H](Cc1ccc(O)cc1)NC(=O)[C@H](Cc1ccccc1)NC(=O)[C@@H](N)Cc1ccccc1)[C@@H](C)O)C(=O)O,,
CHEMBL212514,N#C[C@H](Cc1ccccc1)NC(=O)[C@@H]1CCCN1,,
CHEMBL212590,O=C(Nc1nc2ccc(F)cc2s1)c1ccccc1,,
CHEMBL3329730,CCN(Cc1ccccc1)C(=O)C1CCN(S(=O)(=O)c2ccc3[nH]ncc3c2)CC1,,
CHEMBL212439,NC(=O)CNC[C@@H]1CC[C@H](OCc2cc(C(F)(F)F)cc(C(F)(F)F)c2)[C@H]1c1ccccc1,,
CHEMBL4447836,CC(=O)N[C@@H](Cc1ccccc1)C(=O)N[C@@H](CCC(N)=O)C(=O)N[C@@H](CO)C(=O)N[C@@H](CCCCN)C(=O)N1CCC[C@@H]1C(=O)N[C@@H](CC(N)=O)C(=O)N[C@H](C(=O)N[C@@H](Cc1cnc[nH]1)C(=O)N[C@H](C(=O)N[C@@H](CC(=O)O)C(=O)N[C@H](C)C(=O)N[C@@H](Cc1ccc(O)cc1)C(=O)N[C@@H](Cc1ccccc1)C(=O)N[C@@H]1CSSCC[C@@H](C(=O)N[C@@H](CCCCN)C(=O)N[C@@H](CC(C)C)C(N)=O)NC(=O)[C@H](C)NC(=O)[C@H](CC(C)C)NC(=O)[C@H](CCCNC(=N)N)NC1=O)C(C)(C)C)C(C)C,,
CHEMBL212519,CCCCCCCC(=O)OC[C@H]1OC(=O)N(c2ccc(OC)cc2)[C@@H]1Cc1ccccc1,,
CHEMBL3330050,N#C[C@@H]1C[C@H](F)CN1C(=O)C[C@H](N)Cc1ccccc1Cl,,
CHEMBL212306,O=C(NCc1cc(C(F)(F)F)cc(C(F)(F)F)c1)[C@@H](NCCN1CCCCCC1)c1ccccc1,,
CHEMBL212309,COc1ccccc1N1CCN(CCCCNC(=O)[C@H]2CCCN2C(=O)C23CC4CC(CC(C4)C2)C3)CC1,,
CHEMBL4448005,O=C(NC1CCCNC1)c1ccccc1OCc1ccccc1Cl,,
CHEMBL212311,COC(=O)c1ccccc1N1C(=O)O[C@H](COC(=O)C2CCCCC2)[C@H]1CC1CCCCC1,,
CHEMBL212234,CCCCS(=O)(=O)N1CCC[C@@H]1C(=O)NC(C=O)Cc1ccccc1,,
CHEMBL212237,O=C(Cc1ccccc1F)Nc1cccc([N+](=O)[O-])c1,,
CHEMBL4448063,CC[C@H](C)[C@H](NC(=O)[C@H](CC(=O)O)NC(=O)[C@@H](NC(=O)CNC(=O)[C@H](CCCNC(=N)N)NC(=O)[C@H](CS)NC(=O)[C@@H]1CCCN1C(=O)[C@H](Cc1ccccc1)NC(=O)[C@H](CCC(=O)O)NC(=O)[C@H](CCCNC(=N)N)NC(=O)[C@H](CO)NC(=O)CNC(=O)[C@@H](N)CS)[C@@H](C)O)C(=O)N[C@@H](CS)C(=O)N[C@@H](CC(C)C)C(=O)N1CCC[C@H]1C(=O)N1CCC[C@H]1C(=O)N[C@@H](C)C(=O)N[C@@H](Cc1c[nH]c2ccccc12)C(=O)N[C@@H](CCCNC(=N)N)C(=O)N[C@@H](CS)C(=O)N[C@@H](CC(=O)O)C(=O)NCC(=O)N[C@@H](CCC(=O)O)C(=O)N[C@@H](CC(=O)O)C(=O)N[C@@H](CC(=O)O)C(=O)N[C@@H](CS)C(=O)N[C@H](C(=O)N[C@@H](CC(=O)O)C(=O)N[C@@H](CC(N)=O)C(=O)N[C@@H](CO)C(=O)N[C@@H](CC(=O)O)C(=O)N[C@@H](CCC(=O)O)C(=O)N[C@H](C(=O)N[C@@H](CC(=O)O)C(=O)N[C@@H](CS)C(=O)N[C@@H](C)C(=O)N1CCC[C@H]1C(=O)N[C@@H](Cc1cnc[nH]1)C(=O)N[C@H](C(=O)O)[C@@H](C)O)[C@@H](C)O)C(C)C,,
CHEMBL213400,CN1C(=S)N(c2ccccc2)C(=O)C12OC(=O)c1ccccc12,,
CHEMBL4448174,O=C(/C=C/c1ccccc1O)c1ccccc1NS(=O)(=O)c1ccc(O)cc1,,
CHEMBL4448175,Cc1cc(Cl)ccc1OCC(=O)N/N=C/c1ccccc1C(F)(F)F,,
CHEMBL4448178,Cc1ccccc1C(=O)c1sc2cc(O)ccc2c1Oc1ccc(OC2CN(CCCF)C2)cc1,,
CHEMBL4448182,O=C(C(=O)N1CCN(C(=O)c2ccccc2)CC1)c1cn2c(n1)sc1ccccc12,,
CHEMBL4448185,O=C(COc1ccccc1)Nc1ccc2cc(-c3nc4cc(Cl)ccc4o3)ccc2c1,,
CHEMBL213229,CCOc1ccccc1CC(c1cccnc1)N1CCNCC1,,
CHEMBL3329234,CSc1ccccc1N1CCN(CCCCn2ncc(=O)n(C)c2=O)CC1,,
CHEMBL213231,CC(c1ccccc1OCCCN1CCCC1)N(c1ccccc1)S(=O)(=O)c1ccc(Cl)cc1,,
CHEMBL213334,O=C(O)COc1cccc2c1CC[C@](O)(COC(=O)N(c1ccccc1)c1ccc(Br)cc1)C2,,
CHEMBL212533,CCCC(NC(=O)[C@@H]1C[C@@H]2CN1C(=O)[C@H](C1CCCCC1)NC(=O)Cc1cccc(c1)OCCCO2)C(=O)C(=O)NCC(=O)N[C@H](C(=O)N(C)C)c1ccccc1,,
CHEMBL212594,O=C1NC(=O)c2c1c(-c1ccccc1O)cc1[nH]c3ccc(O)cc3c21,,
CHEMBL3329733,CCN(Cc1ccccc1)C(=O)C1CCN(S(=O)(=O)c2cccc3nsnc23)CC1,,
CHEMBL4448573,O=C(Nc1cccc(C2CCCN(c3ncnc4[nH]ccc34)C2)c1)c1ccccc1,,
CHEMBL3329935,CC[C@H](C)[C@H](NC(=O)[C@@H](NC(=O)[C@@H]1CCCN1C(=O)[C@H](Cc1cnc[nH]1)NC(=O)[C@@H]1CCCN1C(=O)CN)C(C)C)C(=O)N[C@H](C(=O)N[C@H](C(=O)N[C@H](C(=O)NCC(=O)N1CCC[C@H]1C(=O)N[C@@H](Cc1cnc[nH]1)C(=O)N[C@@H](CCC(=O)O)C(=O)N[C@@H](CCC(=O)O)C(=O)O)C(C)O)[C@@H](C)CC)C(C)C,,
CHEMBL4525169,O=C(CF)CNC(=O)[C@H](Cc1ccccc1)NC(=O)c1cccc2cccnc12,,
CHEMBL212459,COC(=O)NCC(CCn1ccc(=O)[nH]c1=O)COC(c1ccccc1)(c1ccccc1)c1ccccc1,,
CHEMBL212389,O=C(c1ccccc1)c1ccc(CC2NCCc3cc(O)c(O)cc32)cc1,,
CHEMBL213483,CC(=O)Nc1cc(C(=O)O)nn1Cc1cc(Br)ccc1OCc1ccccc1,,
CHEMBL213557,CC(c1ccccc1OCCCN1CCCC1)N(c1ccc(Cl)cc1)S(=O)(=O)c1ccc(Cl)cc1,,
CHEMBL213486,CO/N=C(/CCN1CCN(c2ccccn2)CC1)c1ccccc1C,,
CHEMBL213330,Cc1ccccc1CN(CCN(Cc1cncn1C)c1ccc(-c2ccccc2)cc1)S(=O)(=O)c1cn(C)cn1,,
CHEMBL213331,O=C(CC(=O)Nc1ccccc1C(=O)O)Nc1nc2ccc(Br)cc2s1,,
CHEMBL211435,CCN(CC)CCNC(=O)Nc1ccccc1S(=O)(=O)Nc1ccc2c(c1C(=O)O)CCCC2,,
CHEMBL4447642,O=C(CCC(=O)N1CCN(CCCN2c3ccccc3Sc3ccc(C(F)(F)F)cc32)CC1)OCCOc1no[n+]([O-])c1S(=O)(=O)c1ccccc1,,
CHEMBL3329739,CCN(C(=O)C1CCN(S(=O)(=O)c2ccc3c(c2)CCC3)CC1)[C@H](C)c1ccccc1,,
CHEMBL4447738,O=C(CCN1CCCC1)N[C@@H](C(=O)N1CCC[C@H]1c1ncc(-c2ccc(-c3ccc(-c4cnc([C@@H]5CCCN5C(=O)[C@H](NC(=O)CCN5CCCC5)c5ccccc5)s4)cc3)cc2)s1)c1ccccc1,,
CHEMBL4447740,O=C(NC1CC(F)(F)C1)C(c1ccccc1Cl)N(C(=O)CNS(=O)(=O)N1CC1)c1cccc(F)c1,,
CHEMBL212604,C[C@@H](CNc1ccc(OC(F)(F)F)cc1)NC(=O)[C@H](CS(=O)(=O)Cc1ccccc1)NC(=O)N1CCOCC1,,
CHEMBL211373,O=C1NCN(c2ccccc2)C12CCN(C1CCCCC1(O)c1ccccc1)CC2,,
CHEMBL3329936,CC[C@H](C)[C@H](NC(=O)[C@@H](NC(=O)[C@@H](NC(=O)[C@@H](NC(=O)[C@@H]1CCCN1C(=O)[C@H](Cc1cnc[nH]1)NC(=O)[C@@H]1CCCN1C(=O)CN)C(C)(C)C)[C@@H](C)CC)C(C)(C)C)C(=O)N[C@H](C(=O)NCC(=O)N1CCC[C@H]1C(=O)N[C@@H](Cc1cnc[nH]1)C(=O)N[C@@H](CCC(=O)O)C(=O)N[C@@H](CCC(=O)O)C(=O)O)[C@@H](C)O,,
CHEMBL3329937,CC[C@H](C)[C@H](NC(=O)[C@@H](NC(=O)[C@@H](NC(=O)[C@@H](NC(=O)[C@@H]1CCCN1C(=O)[C@H](Cc1cnc[nH]1)NC(=O)[C@@H]1CCCN1C(=O)CN)C(C)(C)C)[C@@H](C)CC)C(C)(C)C)C(=O)N[C@H](C(=O)NCC(=O)N1[C@H](C(=O)N[C@@H](Cc2cnc[nH]2)C(=O)N[C@@H](CCC(=O)O)C(=O)N[C@@H](CCC(=O)O)C(=O)O)CSC1(C)C)[C@@H](C)O,,
CHEMBL3329938,CC(C)[C@H](NC(=O)[C@H](C)NC(=O)[C@@H](NC(=O)[C@H](C)NC(=O)[C@H](Cc1cnc[nH]1)NC(=O)[C@@H]1CCCN1C(=O)CN)C(C)C)C(=O)N[C@@H](C)C(=O)N[C@@H](C)C(=O)NCC(=O)N1CCC[C@H]1C(=O)N[C@@H](Cc1cnc[nH]1)C(=O)N[C@@H](CCC(=O)O)C(=O)N[C@@H](CCC(=O)O)C(=O)O,,
CHEMBL212535,CCN(CC)CC(c1ccccc1F)N1CCN(C(=O)[C@@H](Cc2ccc(Cl)cc2)NC(=O)N2CCc3ccccc3C2)CC1,,
CHEMBL212605,O=C(O)COc1ccsc1C(=O)O,,
CHEMBL212540,O[C@@H]1[C@@H](OCc2ccccc2)[C@H](OCc2ccccc2)[C@@H](COCc2ccccc2)O[C@@H]1c1ccccc1,,
CHEMBL3330164,CCOC(=O)c1ccsc1-n1c(-c2ccccc2)cc2nc3ccccc3nc21,,
CHEMBL212544,COc1cc2c(cc1OC)C(c1ccccc1)N(C(=O)CN1CCCCC1)CC2,,
CHEMBL212545,O/N=C(\CCN1CCN(c2nccs2)CC1)c1ccccc1,,
CHEMBL4447839,C[C@]12CC[C@H]3[C@@H](CC=C4CC(O)CC[C@@]43C)[C@@H]1CC[C@@H]2c1csc(N)c1-c1nnc(S)n1-c1ccccc1,,
CHEMBL212461,CCN(CC)CCSc1ccccc1S(=O)(=O)Nc1ccc2c(c1C(=O)O)CCCC2,,
CHEMBL212470,O=c1c(C2=NS(=O)(=O)c3cccc(Br)c3N2)c(O)c2cccnc2n1Cc1ccccc1,,
CHEMBL212323,Cn1ncnc1COc1nn2c(-c3c(F)cccc3F)nncc2c1-c1ccccc1F,,
CHEMBL213561,O=C1NC(=O)N(CCc2cccc(Cl)c2)/C1=C/c1ccccc1,,
CHEMBL213562,COc1ccccc1Nc1snc(O)c1C(=N)NCC1CCCCC1,,
CHEMBL213564,O=C1NC(=O)N(CCc2ccccc2)[C@@H]1Cc1ccccc1,,
CHEMBL213408,Cc1ccccc1C(=O)NNC(=O)C1(C(=O)N[C@H]2CC(=O)OC2O)CCC1,,
CHEMBL213416,CNC[C@H](Cc1ccccc1)N(C)C[C@@H](Cc1ccc(O)cc1)N(C)C[C@@H](Cc1ccc(O)cc1)N(C)C,,
CHEMBL213500,N#CC(CCSC(=S)N1CCN(S(=O)(=O)c2ccccc2[N+](=O)[O-])CC1)(c1ccccc1)c1ccccc1,,
CHEMBL211508,COc1ccccc1Oc1ccc2[nH]nc(-c3nc4cc(N5CCC(N6CCCCC6)CC5)ccc4[nH]3)c2c1,,
CHEMBL211510,COc1ccccc1-n1c(C)nnc1SCC(=O)Nc1ccccc1Cl,,
CHEMBL3329655,O=C(NC(=O)c1ccccc1)Nc1ccc2c(c1)NC(=O)/C2=C\c1ccc[nH]1,,
CHEMBL4448080,O=C(CCC1CCCCC1)Nc1nn2cccnc2c1-c1ccccc1,,
CHEMBL4448082,Cc1ccccc1S(=O)(=O)N1[C@@H](c2ccc(C(C)(C)C)cc2)C(C(=O)O)=CC[C@H]1c1ccc(Cl)cc1,,
CHEMBL3329741,CCN(C(=O)C1CCN(S(=O)(=O)c2ccc3[nH]ncc3c2)CC1)[C@H](C)c1ccccc1,,
CHEMBL4448194,COc1ccccc1-c1cc(N(Cc2ccccc2)Cc2ccccn2)nc(N)n1,,
CHEMBL211380,O=C(Cc1ccccc1)Nc1cc([N+](=O)[O-])ccc1O,,
CHEMBL4448348,CC[C@H](C)[C@H](NC(=O)[C@H](CC(N)=O)NC(=O)[C@@H](NC(=O)[C@H](Cc1cnc[nH]1)NC(=O)[C@H](CCCNC(=N)N)NC(=O)[C@@H](NC(=O)[C@H](CCCCN)NC(=O)[C@H](CCCNC(=N)N)NC(=O)[C@H](CC(C)C)NC(=O)[C@@H](N)C(C)C)[C@@H](C)O)C(C)C)C(=O)N[C@@H](C)C(=O)N[C@@H](CC(C)C)C(=O)N[C@@H](Cc1ccccc1)C(=O)N[C@@H](CCSC)C(=O)NCC(=O)O,,
CHEMBL4525180,COC(=O)c1c(NC(=O)c2cccnc2)c2cc(NCc3ccco3)cnc2n1Cc1ccccc1,,
CHEMBL212548,Ic1ccccc1-c1ncco1,,
CHEMBL213726,OC[C@@H]1CC[C@H](OCc2cc(C(F)(F)F)cc(C(F)(F)F)c2)[C@H]1c1ccccc1,,
CHEMBL213644,CC(C)C[C@H](NC(=O)[C@@H](NC(=O)[C@@H](N)CNC(=O)[C@H]1CC(=O)NC(=O)N1)C(C)C)C(=O)N[C@@H](Cc1ccccc1)[C@@H](O)C(=O)Nc1cccc(C(=O)O)c1,,
CHEMBL3329268,Cc1nc2ccc(Cl)cc2c(-c2ccccc2)c1C(=O)/C=C/c1ccco1,,
CHEMBL213496,CCOc1ccccc1CC(c1cncs1)N1CCNCC1,,
CHEMBL213498,COc1cc2c(cc1OC)C(c1ccccc1)N(C(=O)CN1CCOCC1)CC2,,
CHEMBL3329402,O=C(Cc1cccc(Oc2ccc3nccn3n2)c1)Nc1ccccc1,,
CHEMBL4447655,COc1ccccc1Oc1c(NS(=O)(=O)c2ccc(C(C)(C)C)cc2)nc(C(=O)Nc2ccccc2)nc1OCCO,,
CHEMBL3329749,CCN(Cc1ccccc1OC)C(=O)C1CCN(S(=O)(=O)c2ccc3cn[nH]c3c2)CC1,,
CHEMBL211516,CC(C)C[C@H](NC(=O)N1CCOCC1)C(=O)N[C@H](/C=C1\CCCN(Cc2ccccc2)S1(=O)=O)Cc1ccccc1,,
CHEMBL211519,CN(CCOc1ccccc1Sc1ccc(C(C)(C)C)cc1)CC(=O)O,,
CHEMBL211448,CN(C)CCN[C@H](CN(Cc1cc(C(F)(F)F)cc(C(F)(F)F)c1)S(C)(=O)=O)c1ccccc1,,
CHEMBL211449,O=C(c1ccccc1)N(C(=O)c1ccccc1)c1nc2ccccc2n2c(=O)n(-c3ccccc3)nc12,,
CHEMBL4447788,Cc1ncc([N+](=O)[O-])n1CCOC(=O)c1ccccc1F,,
CHEMBL4447791,C/C(=N\NC(N)=S)[C@H](Cc1c[nH]c2ccccc12)NC(=O)c1ccccc1,,
CHEMBL4447792,COc1ccccc1-c1nnc(Nc2ccc(C(C)(C)C(N)=O)cc2)c2c1CCC2,,
CHEMBL211388,CC[C@H](N)C(=O)N[C@H](C#N)C/C=C/c1ccccc1,,
CHEMBL3330326,N[C@@H]1C[C@@H]1Oc1ccccc1,,
CHEMBL3330327,N[C@H]1C[C@@H]1Oc1ccccc1,,
CHEMBL3330335,C[C@]1(N)C[C@@H]1c1ccccc1.Cl,,
CHEMBL212631,COc1ccccc1N1CCN(Cc2cn3ccccc3n2)CC1,,
CHEMBL212563,CCCCc1cc(C(=O)O)nn1Cc1cc(Br)ccc1OCc1ccccc1,,
CHEMBL213729,CC(c1ccccc1OCCCN1CCCC1)N(c1cc(F)ccc1F)S(=O)(=O)c1ccc(Cl)cc1,,
CHEMBL213815,O=C(Cc1ccccc1)NCc1ccc(-c2nc(C(=O)N3CCCC3)co2)cc1,,
CHEMBL213647,Cc1ccccc1C1=NC(c2ccccc2)CO1,,
CHEMBL213572,CCO/N=C(/CCN1CCN(c2ccccn2)CC1)c1ccccc1,,
CHEMBL213663,COc1ccccc1CNCCCCCCN1CCC(CC2CCN(CCCCCCNCc3ccccc3OC)CC2)CC1,,
CHEMBL211590,COc1ccccc1N1CCN(Cc2cn3cc(C)cc(I)c3n2)CC1,,
CHEMBL211676,CCOC(=O)C12CC1(CCc1ccccc1)c1cc(Cl)ccc1NC2=O,,
CHEMBL3329764,CC(C)(C)CN(Cc1ccccc1C(F)(F)F)C(=O)C1CCN(S(=O)(=O)c2ccc3[nH]ncc3c2)CC1,,
CHEMBL4448096,CC(=O)N[C@@H](CCC(=O)O)C(=O)N[C@@H](C)P(=O)(O)C[C@@H](CCc1ccccc1)C(=O)O,,
CHEMBL211456,CN[C@@H](C)[C@H](O)c1ccccc1,,
CHEMBL3330187,Cc1ccsc1[C@@H]1C[C@H]2Cc3cc(F)ccc3N1O2,,
CHEMBL265173,CCN[C@H](CN[C@H](CN[C@@H](Cc1ccccc1)CN1CCC[C@H]1CN[C@@H](CN[C@H](CN)Cc1ccc(O)cc1)[C@@H](C)O)Cc1ccc(O)cc1)Cc1ccc(O)cc1,,
CHEMBL212637,Cn1ncnc1COc1nn2c(-[n+]3ccncc3)nncc2c1-c1ccccc1F,,
CHEMBL4448356,O=C(NC(=S)NNC(=O)c1ccccc1O)c1ccc(Cl)cc1,,
CHEMBL4448357,CCCC(=O)OC(OC(=O)CCC)[C@@H]1[C@H](S(=O)(=O)c2ccccc2)[C@]2(C)C(=O)[C@]1(C)C(c1ccccc1)=C2c1ccccc1,,
CHEMBL213733,O=C(COc1ccccc1)Nc1cc([N+](=O)[O-])ccc1O,,
CHEMBL213734,O=C(COc1ccccc1)Nc1ccc([N+](=O)[O-])cc1O,,
CHEMBL213577,Clc1ccc2c(c1)N=C(N1CCN(Cc3ccc4c(c3)OCCO4)CC1)c1ccccc1N2,,
CHEMBL213657,O=C(O)COc1ccccc1C(=O)c1cnn(-c2ccccc2)c1,,
CHEMBL3329410,COC(=O)[C@H](CC(C)C)NC(=O)[C@@H](NC(=O)CCOC[C@H]1O[C@@H](OCCCNC(=O)[C@@H](NC(=O)[C@H](C)NC(=O)OC(C)(C)C)C(C)C)[C@H](OCc2ccccc2)[C@@H](OCc2ccccc2)[C@@H]1OCc1ccccc1)C(C)C,,
CHEMBL4525184,CCCC(=O)OCSc1ccccc1C(=O)N[C@H]1CCC[C@@H]1C(N)=O,,
CHEMBL213665,Cc1ccccc1C(=O)Nc1ccc(-c2nc3cc(NC(=O)c4ccccc4Cl)ccc3[nH]2)cc1,,
CHEMBL211681,N#CC(CCSC(=S)N1CCN(Cc2ccccc2)CC1)(c1ccccc1)c1ccccc1,,
CHEMBL211683,O=C(OCCCCn1ccc(=O)[nH]c1=O)c1ccccc1,,
CHEMBL4525191,O=C(c1ccccc1)N1CC[C@H](CO)[C@@H](O)C1,,
CHEMBL3329767,O=C(NCC(c1ccccc1)n1ccnc1)c1ccc(/C=C/c2ccc(F)cc2)cc1,,
CHEMBL211687,CN(C)CCNc1ccccc1S(=O)(=O)Nc1ccc2c(c1C(=O)O)CCCC2,,
CHEMBL4525201,O=C(CCCCCCCCC(=O)N1CCN(c2cc3c(cc2F)c(=O)c(C(=O)O)cn3C2CC2)CC1)Nc1ccccc1,,
CHEMBL211607,CCN(CC)CCNc1ccccc1S(=O)(=O)Nc1ccc2c(c1C(=O)O)CCCC2,,
CHEMBL4447663,N#Cc1c(N)nc(SCc2ccccn2)c(C#N)c1-c1ccco1,,
CHEMBL4447665,CC(C)[C@H](NC(=O)[C@H](Cc1ccc(CN)cc1)NC(=O)[C@H](Cc1ccccc1)N=[N+]=[N-])C(=O)N[C@@H](CC1CCC2CCCCC2C1)C(=O)[C@@]1(C)CO1,,
CHEMBL3330191,Cc1ccsc1[C@@H]1C[C@H]2Cc3cc(OC(F)(F)F)ccc3N1O2,,
CHEMBL211460,COc1ccccc1N(C(=O)Oc1c(C)cccc1C)c1ccnc(Nc2ccc(N3CCN(C)CC3)cc2)n1,,
CHEMBL3330340,CC[C@]1(N)C[C@@H]1c1ccccc1.Cl,,
CHEMBL212644,NC[C@@H]1CC[C@H](OCc2cc(C(F)(F)F)cc(C(F)(F)F)c2)[C@H]1c1ccccc1,,
CHEMBL211404,CC1CCCCN1CCN[C@H](C(=O)NCc1cc(C(F)(F)F)cc(C(F)(F)F)c1)c1ccccc1,,
CHEMBL213736,CCC(c1nn2c(Cl)cc(Cl)c2c(=O)n1Cc1ccccc1)N(CCCN)C(=O)c1ccc(C)cc1,,
CHEMBL213747,CC(=O)N[C@@H](Cc1c[nH]cn1)C(=O)N[C@H](Cc1ccccc1)C(=O)N1C[C@@H](OCc2ccc3ccccc3c2)C[C@H]1CCCN=C(N)N,,
CHEMBL4447841,CC[C@H](C)[C@H](NC(=O)CNC(=O)[C@H](Cc1ccccc1)NC(=O)[C@H](Cc1ccccc1)NC(=O)[C@H](CCCNC(=N)N)NC(=O)[C@H](CCCNC(=N)N)NC(C)=O)C(=O)N[C@@]1(C)CCC/C=C\CCC[C@@](C)(C(=O)N[C@@H](CC(C)C)C(=O)N[C@@H](CCCCN)C(=O)N[C@H](C(=O)N[C@@H](CCC(=O)O)C(=O)N[C@@H](CCC(=O)O)C(=O)NCC(=O)N[C@@H](CC(N)=O)C(=O)O)[C@@H](C)O)NC(=O)[C@H](CC(N)=O)NC(=O)[C@H]([C@@H](C)O)NC(=O)[C@H](CC(=O)O)NC(=O)[C@H](CC(C)C)NC1=O,,
CHEMBL213749,N#CC(CCSC(=S)N1CCNCC1)(c1ccccc1)c1ccccc1,,
CHEMBL211851,N#CC(CCSC(=S)N1CCN(C(=O)CCBr)CC1)(c1ccccc1)c1ccccc1,,
CHEMBL211692,O=C(Cc1ccccc1)Nc1ccccc1C(=O)O,,
CHEMBL211693,O=C(Cc1ccccc1)Nc1cccc(O)c1,,
CHEMBL211775,O=C(NCc1cc(C(F)(F)F)cc(C(F)(F)F)c1)[C@@H](NCCN1CCCCC1)c1ccsc1,,
CHEMBL211611,N/C(=N\C(=O)c1nc(Cl)c(N)nc1N)NCCc1ccccc1,,
CHEMBL211696,CNC[C@H](Cc1ccccc1)N(C)C[C@@H](Cc1ccc(O)cc1)N(C)C[C@@H](N)Cc1ccc(O)cc1,,
CHEMBL212082,CC(C)[C@H](NC(=O)[C@@H](N)Cc1ccccc1)C(=O)N[C@@H](CCCN=C(N)N)C(=O)N[C@H](C(=O)N[C@@H](Cc1c[nH]cn1)C(=O)O)[C@@H](C)O,,
CHEMBL3330213,Cc1ccsc1[C@@H]1C[C@H](O)Cc2cc(F)ccc2N1,,
CHEMBL211539,COc1ccccc1N1CCN(Cc2cn3cc(C)cc(Br)c3n2)CC1,,
CHEMBL3330341,Cl.N[C@@]1(c2ccccc2)C[C@@H]1c1ccccc1,,
CHEMBL3330344,N[C@@]1(C(=O)O)C[C@H]1c1ccccc1,,
CHEMBL211544,CCNCCCNc1ccccc1S(=O)(=O)Nc1ccc2c(c1C(=O)O)CCCC2,,
CHEMBL211545,CN(C)CCN[C@H](CNC(=O)c1cc(C(F)(F)F)cc(C(F)(F)F)c1)c1ccccc1,,
CHEMBL211546,N#Cc1c(O)nsc1NCCc1ccccc1,,
CHEMBL211548,CC(C)N(C)C/C=C/c1ccccc1S(=O)(=O)Nc1ccc2c(c1C(=O)O)CCCC2,,
CHEMBL211477,O=CC(Cc1ccccc1)NC(=O)[C@H]1CSCN1S(=O)(=O)c1ccc(I)cc1,,
CHEMBL213827,CC(=O)N[C@@H](Cc1ccccc1)C(=O)N[C@H](/C=C1\CCCN(c2ccccc2)S1(=O)=O)Cc1ccccc1,,
CHEMBL4448292,COC(=O)c1ccccc1NC(=O)Nc1nnc(SCc2cc(=O)n3cccc(C)c3n2)s1,,
CHEMBL4448293,O=C(NC[C@]1(O)CO[C@H](CNC(=S)Nc2ccccc2)[C@H]1O)c1ccccc1,,
CHEMBL4448294,O=C1C=Cc2ccccc2/C1=C/NNC(=O)C(O)(c1ccccc1)c1ccccc1,,
CHEMBL3329426,Fc1ccc2c(c1)c(C1=CCNCC1)cn2Cc1ccccc1,,
CHEMBL3329435,Cc1nc2c(N3CCNCC3)cccc2n1S(=O)(=O)c1ccccc1,,
CHEMBL213914,Cc1nc2ccccc2n1C1CC12CC1CCC2N1CC[C@H](NC(=O)C1CCC1)c1ccccc1,,
CHEMBL211859,CCCCN(CCCC)CCCNc1ccccc1S(=O)(=O)Nc1ccc2c(c1C(=O)O)CCCC2,,
CHEMBL4448363,O=C(Nc1cccc(C2CCCN(c3ncnc4[nH]ccc34)C2)c1)Nc1ccccc1N1CCCC1,,
CHEMBL3329875,O=C(NCc1ccco1)N1CCC(c2nc(-c3ccc(Cl)cc3)no2)CC1,,
CHEMBL211701,CCCC(NC(=O)[C@@H]1C[C@@H]2CN1C(=O)[C@H](C1CCCCC1)NC(=O)CCc1cccc(c1)OCCO2)C(=O)C(=O)NCC(=O)N[C@H](C(=O)N(C)C)c1ccccc1,,
CHEMBL211779,N#C/C(=C/c1ccc(Cl)c(Cl)c1)CNC(=S)Nc1ccccc1,,
CHEMBL211706,COC(=O)c1ccccc1N1C(=O)O[C@H](COC(=O)C2CCCCC2)[C@H]1CCCc1ccccc1,,
CHEMBL211626,O=C1NC(=O)c2c1c(-c1ccccc1)cc1[nH]c3cc(O)ccc3c21,,
CHEMBL211551,CN(C)CCN[C@H](C(=O)NCc1ccccc1C(F)(F)F)c1ccccc1,,
CHEMBL211560,CN(C)CCN[C@H](C(=O)NCc1cc(C(F)(F)F)cc(C(F)(F)F)c1)c1ccccc1,,
CHEMBL212732,CC(=O)O[C@@H]1[C@@H](OCc2ccccc2)[C@H](OCc2ccccc2)[C@@H](COCc2ccccc2)O[C@@H]1Cc1ccccc1,,
CHEMBL212735,CCCCCCCC(=O)OC[C@H]1OC(=O)N(c2ccc(OC)cc2)[C@@H]1CCCc1ccccc1,,
CHEMBL213984,CN1CCC2(CC1)Oc1ccccc1C1CC(c3cccnc3)=NN12,,
CHEMBL4525205,CCCCCC(=O)N[C@@H](Cc1ccccc1)C(=O)N[C@@H](CCC(N)=O)C(=O)N[C@@H](CO)C(=O)N[C@@H](CCCCN)C(=O)N1CCC[C@@H]1C(=O)N[C@@H](CO)C(=O)N[C@H](C(=O)N[C@@H](Cc1cnc[nH]1)C(=O)N[C@H](C(=O)N[C@@H](CC(=O)O)C(=O)N[C@H](C)C(=O)N[C@@H](Cc1ccc(O)cc1)C(=O)N[C@@H](Cc1ccccc1)C(=O)N[C@@H](CCC(=O)O)C(=O)N[C@@H](CCCNC(=N)N)C(=O)N[C@@H](CC(C)C)C(=O)NC(C)(C)C(=O)N[C@@H](C)C(=O)N[C@@H](CCCCN)C(=O)N[C@@H](CC(C)C)C(=O)N[C@@H](CCCCNS(=O)(=O)c1ccc(CCCCC)cc1)C(N)=O)C(C)(C)C)C(C)C,,
CHEMBL213908,NC(=O)CN[C@H]1CC[C@H](OCc2cc(C(F)(F)F)cc(C(F)(F)F)c2)[C@@H]1c1ccccc1,,
CHEMBL3329443,O=S(=O)(c1ccccc1)c1ccc(C2CCNCC2)c2ccccc12,,
CHEMBL213917,COC(=O)C(Cc1ccc(O)cc1)N1C(=O)c2ccccc2C1(OCCOC(C)=O)c1ccccc1,,
CHEMBL212023,CCCC(CCOc1ccc(CCC(=O)O)c(C)c1)Oc1ccc(CC)cc1C(=O)c1ccccc1,,
CHEMBL211942,Nc1ccccc1NC(=O)/C=C/c1ccc(NCc2ccncc2)cc1,,
CHEMBL211945,CO[C@@H]1C(=O)C=CC[C@H]1OCc1ccccc1,,
CHEMBL211786,COC(=O)C(CCCS(=O)(=O)c1ccccc1)(Cc1ccc(NS(=O)(=O)O)cc1)C(=O)OC.N,,
CHEMBL211709,O=c1c(C2=NS(=O)(=O)c3cccc(O)c3N2)c(O)c2cccnc2n1Cc1ccccc1,,
CHEMBL211710,O=c1c(C2=NS(=O)(=O)c3ccc(O)cc3N2)c(O)c2cccnc2n1Cc1ccccc1,,
CHEMBL211713,O=C(Nc1nc2ccccc2n2c(=O)n(-c3ccc([N+](=O)[O-])cc3)nc12)c1ccccc1,,
CHEMBL211714,COC(=O)C[C@H]1[C@]2(C)C3=C(C)[C@H](c4ccoc4)C[C@H]3O[C@@H]2[C@H](O)[C@@H]2[C@]1(C)C(=O)C=C[C@@]2(C)C(=O)NC(C)c1ccccc1,,
CHEMBL211715,CC(C)CN([C@H](CO)CCCCNC(=O)[C@@H](NC(=O)OCc1ccccn1)C(c1ccccc1)c1ccccc1)S(=O)(=O)c1ccc(N)cc1,,
CHEMBL211632,O=C1c2ccccc2-[n+]2cc3c(cc21)[nH]c1ccccc13.[Cl-],,
CHEMBL211638,NCCCC[C@H](NC(=O)OCc1ccccc1)C(=O)c1noc(Cc2ccc(C(=O)NCc3ccc4ccccc4c3)cc2)n1,,
CHEMBL213990,O=C(O)COc1cccc2c1CC[C@](O)(COC(=O)N(c1ccc(F)cc1)c1ccccc1F)C2,,
CHEMBL3329447,NCCOc1cccc2c1c1cccc3c1n2[C@H](c1ccccc1)CO3,,
CHEMBL3331437,O=C(Cc1ccccc1)N1CCC(n2c(=O)[nH]c3ccccc32)CC1,,
CHEMBL4447894,Cc1ccccc1-c1ccccc1/C=N/N[C@@H]1CNC[C@H](C(=O)O)C1,,
CHEMBL212674,CN(C)CCNC(C(=O)NCc1cc(C(F)(F)F)cc(C(F)(F)F)c1)c1ccco1,,
CHEMBL213927,NCCCC[C@H](NC(=O)OCc1ccccc1)C(=O)c1noc(Cc2ccc(C(=O)NC3Cc4ccccc4C3)cc2)n1,,
CHEMBL212678,CO[C@@H]1CCCC(=O)[C@H]1OCc1ccccc1,,
CHEMBL213778,NCCCC[C@H](NC(=O)OCc1ccccc1)C(=O)c1noc(CN2CCN(C(=O)CCCc3ccccc3)CC2)n1,,
CHEMBL213780,NCCCC[C@H](NC(=O)OCc1ccccc1)C(=O)c1noc(Cc2ccc(C(=O)NCCc3ccccc3)cc2)n1,,
CHEMBL3329732,CCN(Cc1ccccc1)C(=O)C1CCN(S(=O)(=O)c2ccc3nsnc3c2)CC1,,
CHEMBL3330547,Cc1ccccc1Oc1ccc(N2N=C(C#N)CC2CC(=O)O)cc1,,
CHEMBL213632,CS(=O)(=O)c1ccccc1CC(c1ccccc1)N1CCNCC1,,
CHEMBL213634,COc1ccccc1-c1cccc(-c2c(O)nc3cc(Cl)c(C#N)cc3c2O)c1,,
CHEMBL3330788,Cl.N=C(N)NCCNc1c2c(c(NCCN)c3sccc13)C(=O)c1ccccc1C2=O,,
CHEMBL4448204,Cc1c(-c2cc(-c3ccccc3)nc3nnnn23)cnn1-c1ccccc1,,
CHEMBL4448205,CC(C)CN(C[C@@H](O)[C@H](Cc1ccccc1)NC(=O)Cn1cnc2cncnc21)S(=O)(=O)c1ccc(N)cc1,,
CHEMBL4448209,CN(C/C=C/c1ccc(Cl)cc1)Cc1ccccc1N(CCO)S(=O)(=O)c1ccc(C(F)(F)F)cc1,,
CHEMBL3330885,O=S(=O)(NC(=S)Nc1ccccc1)c1ccc(CCNS(=O)(=O)c2cccc3cccnc23)cc1,,
CHEMBL3331160,CC[C@H](C)[C@H](NC(=O)[C@H](CC(=O)O)NC(=O)[C@H](CCC(=O)O)NC(=O)[C@@H]1CCCN1C(=O)[C@H](C)N)C(=O)NCC(=O)N[C@@H](Cc1ccccc1)C(=O)N[C@@H](CS)C(=O)N[C@@H](CC(C)C)C(=O)N[C@@H](CCC(=O)O)C(=O)NCC(=O)NCC(=O)N[C@@H](CS)C(=O)N[C@@H](CC(C)C)C(=O)N[C@H](C(=O)N[C@@H](C)C(=O)N[C@@H](CC(C)C)C(=O)NCC(=O)O)C(C)C,,
CHEMBL4448371,O=C1Nc2ccccc2N/C1=C\C(=O)c1ccco1,,
CHEMBL214713,NC(=O)CCC(=O)NC(CCS)C(=O)N[C@H](Cc1ccccc1)C(=O)O,,
CHEMBL212757,O=C(Nc1nc2ccc(Cl)cc2s1)c1ccccc1,,
CHEMBL213787,COC(c1ccccc1)C(C#N)CN(Cc1ccccc1)C(=O)Nc1ccc(Cl)c(Cl)c1,,
CHEMBL213711,O=C(CCCCCCCNC(=O)NO)Nc1ccccc1,,
CHEMBL213803,Brc1ccccc1C1=NC(c2ccccc2)CO1,,
CHEMBL4447593,CC[C@H](C)[C@H](NC(=O)C(CO)NC(=O)[C@@H]1CCCN1C(=O)[C@H](CC(C)C)NC(=O)[C@H](Cc1ccc(O)cc1)NC(=O)[C@H](C)NC(=O)[C@H](Cc1cnc[nH]1)NC(=O)[C@H](Cc1cnc[nH]1)NC(=O)[C@H](CC(C)C)NC(=O)[C@@H](NC(=O)[C@@H]1CCCN1C(=O)[C@H](CCCNC(=N)N)NC(=O)[C@H](CCC(N)=O)NC(=O)[C@H](CC(C)C)NC(=O)[C@@H](N)CO)[C@@H](C)CC)C(=O)NCC(=O)NCC(=O)N[C@H](C(=O)O)C(C)C,,
CHEMBL4447601,COc1ccccc1C1CCN(c2nc(C3CC3)nc3ccc(N4CC[C@@H](O)C4)cc23)CC1,,
CHEMBL3330891,CN(C(=O)n1nnc2ccccc21)C(c1ccccc1)c1ccccc1,,
CHEMBL3330896,CN(C(=O)NN)C(c1ccccc1)c1ccccc1,,
CHEMBL214954,O/N=C(\CCN1CCN(c2ccccn2)CC1)c1ccccc1Cl,,
CHEMBL4447672,CC(=O)N[C@@H](Cc1ccccc1)C(=O)N[C@@H](CCC(N)=O)CC(=O)N[C@@H](CO)C(=O)N[C@@H](CCCCN)C(=O)NCC(=O)N[C@@H](CC(N)=O)C(=O)N[C@H](C(=O)N[C@@H](Cc1ccccc1)C(=O)N[C@H](C(=O)N[C@@H](Cc1ccccc1)C(=O)NCC(=O)N[C@@H](Cc1ccc(O)cc1)C(=O)N[C@@H](Cc1ccccc1)C(=O)N[C@@H](CCC(=O)O)C(=O)N[C@@H](CCCNC(=N)N)C(=O)N[C@@H](CC(C)C)C(=O)N[C@@H](CCCNC(=N)N)C(=O)N[C@@H](C)C(=O)N[C@@H](CCCCN)C(=O)N[C@@H](CC(C)C)C(N)=O)C(C)C)C(C)C,,
CHEMBL4447673,O=C(CSc1nc2ccccc2c(=O)n1Cc1ccccc1)N/N=C1\C(=O)Nc2ccc([N+](=O)[O-])cc21,,
CHEMBL4447748,CC(=O)O[C@H]1C[C@@]2(C)[C@@H](C[C@@H](O)[C@H]3[C@@]4(C)CC[C@@H](OC(=O)c5ccccc5C(=O)N5CCOCC5)[C@@H](C)[C@@H]4CC[C@@]32C)/C1=C(\CCC=C(C)C)C(=O)OCc1ccccc1,,
CHEMBL4447750,O=Cc1ccccc1-c1ccsc1,,
CHEMBL4447799,CC[C@H](C)[C@H](NC(=O)[C@H](CCC(=O)O)NC(=O)[C@H](CO)NC(=O)[C@@H](NC(=O)[C@H](CC(C)C)NC(=O)[C@H](CC(C)C)NC(=O)[C@H](CC(C)C)NC(=O)[C@H](CC(C)C)NC(=O)[C@H](CS)NC(=O)[C@H](CO)NC(=O)[C@H](Cc1ccccc1)NC(=O)CNC(=O)[C@H](CCCNC(=N)N)NC(=O)[C@@H]1CCCN1C(=O)[C@H](C)NC(=O)[C@@H](N)CCSC)[C@@H](C)O)C(=O)N[C@@H](CC(=O)O)C(=O)N[C@@H](CC(C)C)C(=O)N1CCC[C@H]1C(=O)N[C@H](C(=O)N[C@@H](CCCCN)C(=O)N[C@@H](CCCNC(=N)N)C(=O)N[C@@H](CCCNC(=N)N)C(=O)N[C@@H](C)C(=O)O)C(C)C,,
CHEMBL214889,CCN1C(=O)N(c2ccc(OC)cc2)C(=O)C12OC(=O)c1ccccc12,,
CHEMBL4447850,Cc1ccccc1-n1cc(C(=O)NCc2ccc(C(=O)NC3CC3)cc2)cn1,,
CHEMBL214809,O=C(NCc1ccccc1)Nc1cc2c(=O)n(O)c(=O)[nH]c2cc1Cl,,
CHEMBL214811,CC(C)CC(=O)NC(CCS)C(=O)N[C@H](Cc1ccccc1)C(=O)O,,
CHEMBL212839,NC(=O)CN[C@@H]1CC[C@H](OCc2cc(C(F)(F)F)cc(C(F)(F)F)c2)[C@H]1c1ccccc1,,
CHEMBL212919,CN(CC(N)=O)C[C@@H]1CC[C@H](OCc2cc(C(F)(F)F)cc(C(F)(F)F)c2)[C@H]1c1ccccc1,,
CHEMBL4447910,C=CC(=O)Nc1ccccc1Nc1nc(Nc2ccc(N3CCN(C)CC3)cc2OC)ncc1C(=O)Nc1c(C)cccc1Cl,,
CHEMBL4447914,CC(=O)/C(=C\c1ccccc1)C(=O)Nc1ccc(S(N)(=O)=O)cc1,,
CHEMBL212764,N#CC(CCSC(=S)N1CCN(c2cccc(Cl)c2)CC1)(c1ccccc1)c1ccccc1,,
CHEMBL212766,CC(=O)N[C@H](Cc1ccccc1)C(=O)N1C[C@H](OCc2ccc3ccccc3c2)C[C@@H]1CCCN=C(N)N,,
CHEMBL212768,CN(CCc1c[nH]c2ccccc12)C(=O)c1ccccc1,,
CHEMBL213869,CNCC(=O)N[C@@H](CCCN=C(N)N)C(=O)N[C@H](C(=O)N[C@@H](Cc1ccc(N=[N+]=[N-])cc1)C(=O)N[C@H](C(=O)N[C@@H](Cc1c[nH]cn1)C(=O)N1CCC[C@@H]1C(=O)N[C@@H](Cc1ccccc1)C(=O)O)C(C)C)C(C)C,,
CHEMBL3330388,O=C(c1cccnc1)c1ccccc1O,,
CHEMBL3330554,N#Cc1c(Nc2ccccc2)nc(SCc2cn(Cc3ccccc3Cl)nn2)nc1-c1ccccc1,,
CHEMBL213804,Ic1ccccc1C1=NC(c2ccccc2)CO1,,
CHEMBL213806,COc1ccccc1-c1nnc(SCC(=O)Nc2ccccc2Cl)n1-c1ccc(C)cc1,,
CHEMBL215034,O=C(NC(CCS)C(=O)N[C@H](Cc1ccccc1)C(=O)O)c1ccc([N+](=O)[O-])c(O)c1,,
CHEMBL3331162,CC[C@H](C)[C@H](NC(=O)[C@H](CC(=O)O)NC(=O)[C@H](CCC(=O)O)NC(=O)[C@@H]1CCCN1C(=O)[C@H](C)N)C(=O)NCC(=O)N[C@@H](Cc1ccccc1)C(=O)N[C@H]1CSSC[C@@H](C(=O)N[C@@H](CC(C)C)C(=O)N[C@H](C(=O)N[C@@H](C)C(=O)N[C@@H](CC(C)C)C(=O)NCC(=O)O)C(C)C)NC(=O)CNC(=O)CNC(=O)[C@H](CCC(=O)O)NC(=O)[C@H](CC(C)C)NC1=O,,
CHEMBL214965,O=C(Nc1ccccc1)c1cc(Cc2ccccc2)c(O)c(O)c1O,,
CHEMBL4448384,Cc1ccccc1CN1CCN(c2cnn(CCCO)c(=O)c2Br)CC1,,
CHEMBL214891,CN(Cc1ccc2cc(-n3cnc4cc(-c5ccc(Cl)cc5)sc4c3=O)ccc2n1)c1ccccc1,,
CHEMBL212926,CC(c1ccccc1OCCCN1CCCC1)N(c1ccc(C(=O)c2ccccc2)cc1)S(=O)(=O)c1ccc(Cl)cc1,,
CHEMBL212848,O=C(Cc1ccccc1)NCc1ccc(-c2nc(C(=O)N3CCC(F)CC3)co2)cc1,,
CHEMBL212770,CN(C)Cc1ccccc1-c1ccc(N2CNc3c(C(F)(F)F)nn(-c4ccc5onc(N)c5c4)c3C2=O)cc1,,
CHEMBL3329716,CCN(Cc1ccccc1)C(=O)C1CCN(S(=O)(=O)c2ccc(OC)cc2)CC1,,
CHEMBL4525221,CCCCC[C@@H](C(=O)NCNC(=O)c1ccc(-c2ccc(C(=O)N[C@@H](CC(=O)O)C(=O)O)c(OCC(=O)O)c2)o1)[C@@H](CC)N(C=O)OC(=O)NC(C)(C)c1ccccc1,,
CHEMBL4525225,Cc1ccccc1NC(=O)[C@@H](Cc1ccccc1)NC1=CC(=O)c2ccccc2C1=O,,
CHEMBL212695,NCC(CCc1ccccc1)c1nnn[nH]1,,
CHEMBL212697,O=C(N[C@H]1CC[C@H](OCc2cc(C(F)(F)F)cc(C(F)(F)F)c2)[C@@H]1c1ccccc1)OCc1ccccc1,,
CHEMBL212772,COC(c1ccccc1)C1CN(Cc2ccccc2)C(=O)N(c2ccc(Cl)c(Cl)c2)C1=N,,
CHEMBL212699,CNC[C@@H](Cc1ccccc1)N(C)C[C@H](Cc1ccc(O)cc1)N(C)C[C@@H](N)Cc1ccc(O)cc1,,
CHEMBL213951,NCCCC[C@H](NC(=O)OCc1ccccc1)C(=O)c1noc(Cc2ccc(C(=O)NCCc3cccs3)cc2)n1,,
CHEMBL213875,Cc1cc(C(=O)O)nn1Cc1ccccc1OCc1ccc(Cl)cc1Cl,,
CHEMBL213956,N=C(N)NCCC[C@H]1C[C@@H](OCc2ccc3ccccc3c2)CN1C(=O)[C@@H](Cc1ccccc1)NC(=O)[C@@H]1CCCCN1,,
CHEMBL213961,CC(C)C[C@H](NC(=O)N1CCOCC1)C(=O)N[C@H](/C=C1\CCN(Cc2ccccc2)S1(=O)=O)Cc1ccccc1,,
CHEMBL213884,O=C(Cc1ccccc1)Nc1cccc([N+](=O)[O-])c1,,
CHEMBL213892,CC(=O)OC[C@@H]1O[C@H](COCc2ccccc2)[C@@H](OCc2ccccc2)[C@H](OCc2ccccc2)[C@H]1OCc1ccccc1,,
CHEMBL3331047,O=S(=O)(N/N=C/c1ccccc1O)c1ccc2ccccc2c1,,
CHEMBL213006,CCCN1CCC2(CC1)Oc1ccccc1C1CC(c3ccccc3Cl)=NN12,,
CHEMBL212931,CN(C[C@@H]1CCC(=O)N1)[C@@H]1CC[C@H](OCc2cc(C(F)(F)F)cc(C(F)(F)F)c2)[C@H]1c1ccccc1,,
CHEMBL212856,COc1ccccc1-c1cncnc1N1CCC(c2[nH]cnc2C)CC1,,
CHEMBL3329717,CCN(Cc1ccccc1)C(=O)C1CCN(S(=O)(=O)c2cccc(OC)c2)CC1,,
CHEMBL212773,N#C/C(=C/c1ccccc1)CNC(=O)Nc1ccc(Cl)cc1Cl,,
CHEMBL4447853,CCCCCCCCC(=O)Nc1ccccc1O,,
CHEMBL212860,O=C(O)Cc1cccc(OCc2ccccc2Cl)c1OCc1ccccc1Cl,,
CHEMBL212779,CC(C)C[C@H](N)c1ccccc1N1CCN(C(=O)[C@H](C)Cc2ccc(Cl)cc2)CC1,,
CHEMBL212780,CN1CCC2(CC1)Oc1ccccc1C1CC(c3ccncc3)=NN12,,
CHEMBL213953,NCCC(=O)NC(COCc1ccccc1)c1cc(F)ccc1N1CCN(C(=O)CCc2ccc(Cl)cc2Cl)CC1,,
CHEMBL212716,CC(C)c1ccccc1N1C(=O)c2c(F)c(F)c(F)c(F)c2C1=O,,
CHEMBL4448105,O=C(OCCc1ccccc1)c1cccc(O)c1O,,
CHEMBL3330917,CC[C@H](C)[C@H](N)C(=O)N[C@H](C(=O)N[C@@H](CC(C)C)C(=O)N[C@H](C(=O)N1CCC[C@H]1C(=O)N1CCC[C@H]1C(=O)NC[C@H](CC(=O)NC[C@H](CC(=O)N[C@@H](CC(C)C)C(=O)O)Cc1ccccc1)Cc1ccccc1)C(C)C)[C@@H](C)CC,,
CHEMBL3330918,CC[C@H](C)[C@H](N)C(=O)N[C@H](C(=O)N[C@@H](CC(C)C)C(=O)N[C@H](C(=O)N1CCC[C@H]1C(=O)N1CCC[C@H]1C(=O)NC[C@H](CC(=O)N[C@@H](Cc1ccccc1)C(=O)N[C@@H](CC(C)C)C(=O)O)Cc1ccccc1)C(C)C)[C@@H](C)CC,,
CHEMBL215197,C[C@H](NP(=O)(OC[C@H]1C=C[C@@H](n2cnc3c(N)ncnc32)C1)Oc1ccccc1)C(=O)OC(C)(C)C,,
CHEMBL4448310,N#C/C(=C\c1cc(O)c(O)c([N+](=O)[O-])c1)C(=O)NCc1ccccc1,,
CHEMBL4448319,Cc1ccccc1SCC(=O)Nc1cccnc1,,
CHEMBL215129,CCN(c1ccc(C(O)(C(F)(F)F)C(F)(F)F)cc1)C(COCC(=O)N(C)C)c1ccccc1,,
CHEMBL213087,C[C@@H](COc1ccccc1Sc1cccc(F)c1)N(C)CC(=O)O,,
CHEMBL212939,O=C(NCc1cc(C(F)(F)F)cc(C(F)(F)F)c1)C(CCN1CCC2(C=Cc3ccccc32)CC1)Cc1ccccc1,,
CHEMBL213012,CC(C)CN(CC(O)C(Cc1ccccc1)NC(=O)O[C@@H]1C[C@@H]2CCO[C@@H]2C1)S(=O)(=O)c1ccc(N)cc1,,
CHEMBL212947,COc1c(C=O)c(O)c(O)c2c1C(=O)c1ccccc1C2=O,,
CHEMBL212948,COc1c(C=O)c(O)cc2c1C(=O)c1ccccc1C2=O,,
CHEMBL212949,O=C(CCCCCCNC(=O)NO)Nc1ccccc1,,
CHEMBL3329734,CCN(Cc1ccccc1)C(=O)C1CCN(S(=O)(=O)c2ccc3c(c2)OCO3)CC1,,
CHEMBL212864,CC(C)(C)OC(=O)N[C@@H](Cc1ccccc1)C(=O)CCC(=O)N[C@@H](Cc1ccccc1)C(=O)O,,
CHEMBL212865,COc1ccccc1Nc1ncc2c(n1)N1CCC(=O)N1C(c1c(Cl)cccc1Cl)=C2,,
CHEMBL4448621,O=C(O)c1cc(SCCc2ccccc2)ccc1NS(=O)(=O)c1ccccc1,,
CHEMBL4448624,CC(=O)N[C@@H](C)C(=O)N[C@@H](CCS)C(=O)N[C@@H](CC(=O)O)C(=O)N[C@@H](Cc1c[nH]c2ccccc12)C(=O)N[C@H](C(=O)N[C@H](C(=O)N[C@@H](Cc1ccc(O)cc1)C(=O)N[C@@H](Cc1c[nH]c2ccccc12)C(=O)N[C@@H](CCCNC(=N)N)C(=O)N[C@@H](CCCCN)C(=O)N[C@@H](Cc1ccccc1)C(=O)NCC(=O)NCCOCC(=O)N[C@H](CCCCN)C(N)=O)C(C)(C)S)C(C)C,,
CHEMBL3329771,O=C(NCC(c1ccccc1)n1ccnc1)c1ccc(CCc2ccc(F)cc2)cc1,,
CHEMBL212706,CCN(CC)CC(=O)N1CCc2cc(OC)c(OC)cc2C1c1ccccc1,,
CHEMBL212782,CCO/N=C(\CCN1CCN(c2ccccn2)CC1)c1ccccc1,,
CHEMBL212710,NCCCC[C@H](N[C@@H](CCc1ccccc1)C(=O)O)C(=O)N[C@@H](Cc1c[nH]c2ccccc12)C(=O)O,,
CHEMBL4448416,CC(=O)NCCCC[C@H](NC(=O)C(C)(C)NC(=O)[C@H](Cc1ccc2ccccc2c1)NC(=O)[C@H](Cc1ccc(OCCN)cc1)NC(=O)[C@@H](NC(=O)[C@H](CCC(N)=O)NC(=O)[C@H](Cc1c[nH]c2ccccc12)NC(=O)[C@@H](NC(=O)[C@H](CC(N)=O)NC(=O)[C@@H](NC(=O)[C@@H](Cc1ccccc1)NC(C)=O)C(C)(C)S)[C@@H](C)O)C(C)(C)S)C(=O)N[C@@H](CC(N)=O)C(=O)NCCC(N)=O,,
CHEMBL4448426,CC(=O)N[C@@H](CC(C)C)CN(CC(=O)N[C@@H](Cc1ccccc1)CN(CC(=O)N[C@@H](CCC(=O)O)CN(CC(=O)N[C@@H](Cc1c[nH]c2ccccc12)CN(CC(=O)N[C@@H](CCCCN)CN(CC(=O)N[C@@H](CC(C)C)CN(CC(=O)N[C@@H](CO)CN(CC(N)=O)S(C)(=O)=O)S(=O)(=O)CC(C)C)S(C)(=O)=O)S(C)(=O)=O)S(C)(=O)=O)S(C)(=O)=O)S(C)(=O)=O,,
CHEMBL212789,CC(C)[C@@H](NCC(=O)O)C(=O)N[C@@H](Cc1ccccc1)C(=O)NCc1ccc(C(=N)N)cc1,,
CHEMBL212717,O=C(O)c1cncn1Cc1cc(Br)ccc1OCc1ccccc1,,
CHEMBL212800,CN1C(=O)N(c2ccc(F)cc2)C(=O)C12OC(=O)c1ccccc12,,
CHEMBL3330919,CC[C@H](C)[C@H](N)C(=O)N[C@H](C(=O)N[C@@H](CC(C)C)C(=O)N[C@H](C(=O)N1CCC[C@H]1C(=O)N1CCC[C@H]1C(=O)N[C@@H](Cc1ccccc1)C(=O)NC[C@H](CC(=O)N[C@@H](CC(C)C)C(=O)O)Cc1ccccc1)C(C)C)[C@@H](C)CC,,
CHEMBL3330920,CC[C@H](C)[C@H](N)C(=O)N[C@H](C(=O)N[C@@H](CC(C)C)C(=O)N[C@H](C(=O)N1CCC[C@H]1C(=O)N1CCC[C@H]1C(=O)NC[C@@H](CC(=O)NC[C@H](CC(=O)N[C@@H](CC(C)C)C(=O)O)Cc1ccccc1)Cc1ccccc1)C(C)C)[C@@H](C)CC,,
CHEMBL215200,CCCN1CCC2(CC1)Oc1ccccc1-c1cc(-c3ccc(F)cc3)nn12,,
CHEMBL4447687,O=C(CSc1nc2ccccc2c(=O)n1-c1ccccc1)N/N=C1\C(=O)Nc2ccc(Cl)cc21,,
CHEMBL4447697,CC(C)[C@H](NC(=O)[C@H](CO)NC(=O)[C@H](CC(=O)O)NC(=O)CN)C(=O)N[C@@H](CS)C(=O)N[C@@H](C)C(=O)N[C@@H](CO)C(=O)N[C@@H](Cc1ccc(O)cc1)C(=O)N[C@@H](Cc1ccccc1)C(=O)O,,
CHEMBL215202,COC(=O)[C@H](CCSC)NP(=O)(OC[C@H]1C=C[C@@H](n2cnc3c(N)ncnc32)C1)Oc1ccccc1,,
CHEMBL215130,CCN(c1ccc(C(O)(C(F)(F)F)C(F)(F)F)cc1Cl)C(COc1ccc(C(=O)OC)cc1)c1ccccc1,,
CHEMBL4447803,CC[C@H](C)[C@H](NC(C)=O)C(=O)N[C@@H](Cc1ccc(O)cc1)C(=O)N[C@@H](C)C(=O)N[C@@H](CO)C(=O)N[C@@H](Cc1ccccc1)C(=O)N1CCC[C@H]1C(=O)N[C@@H](Cc1c[nH]c2ccccc12)C(=O)N[C@@H](Cc1ccccc1)C(=O)N[C@H](C(=O)N[C@@H](CCC(N)=O)C(=O)N[C@@H](CC(C)C)C(=O)N[C@@H](Cc1cnc[nH]1)C(=O)N[C@H](C(=O)N[C@@H](Cc1cnc[nH]1)C(=O)N[C@@H](CCCCN)C(=O)N[C@@H](CCCNC(=N)N)C(=O)N[C@@H](CO)C(=O)N[C@@H](Cc1c[nH]c2ccccc12)C(=O)N[C@@H](CCC(=O)O)C(=O)N[C@@H](CCSC)C(=O)N[C@@H](C)C(N)=O)C(C)C)C(C)C,,
CHEMBL213169,CCCCNc1nc2c(N)nc(OCCOC)nc2n1Cc1ccccc1,,
CHEMBL213245,COc1ccccc1-c1c(C#N)c2cccc(Cl)n2c1NCCc1ccccc1,,
CHEMBL213016,N#CC(CCSC(=S)N1CCN(C(=O)c2ccco2)CC1)(c1ccccc1)c1ccccc1,,
CHEMBL213020,O=C1c2ccccc2-c2c1c1ccccc1c(=O)n2CCNCCn1c2c(c3ccccc3c1=O)C(=O)c1ccccc1-2,,
CHEMBL213023,COc1ccccc1Nc1nccc(-c2c[nH]c3ncccc23)n1,,
CHEMBL212786,CC(C)[C@@H](NCC(=O)O)C(=O)N[C@H](C(=O)NCc1ccc(C(=N)N)cc1)C(c1ccccc1)c1ccccc1,,
CHEMBL212877,Clc1ccccc1CC(c1ccccc1)N1CCCNCC1,,
CHEMBL212804,O/N=C(/CCN1CCN(c2ncccn2)CC1)c1ccccc1,,
CHEMBL3330829,N/N=C/c1ccccc1O,,
CHEMBL3331076,COc1ccccc1NC1=CC(=O)c2ccccc2C1=O,,
CHEMBL215283,O=C(COc1ccccc1)NC(CCS)C(=O)N[C@H](Cc1ccccc1)C(=O)O,,
CHEMBL215211,C[C@H](NC(=O)[C@H]1COC(=O)[C@H](Cc2ccc(O)cc2)N1)c1ccccc1,,
CHEMBL215218,C[C@@H](CNc1ccc(OC(F)(F)F)cc1)NC(=O)[C@H](CSCc1ccccc1)NC(=O)N1CCOCC1,,
CHEMBL4448120,COc1ccccc1N1CCN(CCCCOc2ccc3scnc3c2)CC1,,
CHEMBL4448211,CC(=O)N[C@@H](CS)C(=O)N[C@@H](C)C(=O)N[C@@H](CC(=O)O)C(=O)N[C@@H](Cc1c[nH]c2ccccc12)C(=O)N[C@H](C(=O)N[C@@H](CS)C(=O)N[C@@H](Cc1ccc(O)cc1)C(=O)N[C@@H](Cc1c[nH]c2ccccc12)C(=O)N[C@@H](Cc1cnc[nH]1)C(=O)N[C@@H](CCCCNC(=O)COCC(=O)NCCCC[C@H](NC(=O)[C@H](Cc1cnc[nH]1)NC(=O)[C@H](Cc1c[nH]c2ccccc12)NC(=O)[C@H](Cc1ccc(O)cc1)NC(=O)[C@H](CS)NC(=O)[C@@H](NC(=O)[C@H](Cc1c[nH]c2ccccc12)NC(=O)[C@H](CC(=O)O)NC(=O)[C@H](C)NC(=O)[C@H](CS)NC(C)=O)C(C)C)C(=O)N[C@@H](Cc1ccccc1)C(=O)NCC(=O)O)C(=O)N[C@@H](Cc1ccccc1)C(=O)NCC(=O)O)C(C)C,,
CHEMBL4448215,O=Cc1sccc1-c1ccccc1F,,
CHEMBL4448220,CC(=O)NCC(=O)N[C@@H](Cc1ccc(O)cc1)C(=O)N[C@@H](C)C(=O)N[C@@H](CO)C(=O)N[C@@H](Cc1ccccc1)C(=O)N1CCC[C@H]1C(=O)N[C@@H](Cc1c[nH]c2ccccc12)C(=O)N[C@@H](Cc1ccccc1)C(=O)N[C@H](C(=O)N[C@@H](CCC(N)=O)C(=O)N[C@@H](CC(C)C)C(=O)N[C@@H](Cc1cnc[nH]1)C(=O)N[C@H](C(=O)N[C@@H](Cc1cnc[nH]1)C(=O)N[C@@H](CCCCN)C(=O)N[C@@H](CCCNC(=N)N)C(=O)N[C@@H](CO)C(=O)N[C@@H](Cc1c[nH]c2ccccc12)C(=O)N[C@@H](CCC(=O)O)C(=O)N[C@@H](Cc1c[nH]c2ccccc12)C(=O)N[C@@H](C)C(N)=O)C(C)C)C(C)C,,
CHEMBL213246,CCO/N=C(\CCN1CCN(c2ccccc2)CC1)c1ccccc1,,
CHEMBL213252,CCN(C)Cc1ccccc1-c1ccc(N2CCc3c(C(F)(F)F)nn(-c4ccc5onc(N)c5c4)c3C2=O)cc1,,
CHEMBL213104,Cc1c(CN2CCN(C)CC2)cc(-c2ccc(F)cc2)n1-c1ccccc1Cl,,
CHEMBL213105,O=C(CCC(=O)[C@H](Cc1ccccc1)NC(=O)c1ccccc1)N[C@@H](Cc1ccccc1)C(=O)O,,
CHEMBL4448644,O=C(/C=C/c1ccccc1)n1nnnc1-c1ccccc1,,
CHEMBL4448649,C=CCn1c(C(=O)N2CCN(C/C=C/c3ccccc3)CC2)cs/c1=N\N=C\C=C\c1ccco1,,
CHEMBL4448654,CC(C)(C)OC(=O)NCCCCNC(=O)CNC(=O)c1ccccc1Nc1cccc(OCCc2ccccc2)c1,,
CHEMBL3329718,CCN(Cc1ccccc1)C(=O)C1CCN(S(=O)(=O)c2ccccc2OC)CC1,,
CHEMBL3329719,CCN(Cc1ccccc1)C(=O)C1CCN(S(=O)(=O)c2ccc(OC)c(OC)c2)CC1,,
CHEMBL213026,CC(=O)N[C@@H](Cc1ccc(O)cc1)C(=O)N[C@H](Cc1ccccc1)C(=O)N1C[C@H](OCc2ccc3ccccc3c2)C[C@H]1CCCN=C(N)N,,
CHEMBL213107,O=CC(Cc1ccccc1)NC(=O)[C@H]1CCCN1S(=O)(=O)c1ccc(Br)cc1,,
CHEMBL3329735,CCN(C(=O)C1CCN(S(=O)(=O)c2ccc(OC)cc2)CC1)[C@@H](C)c1ccccc1,,
CHEMBL4448436,CC(=O)OC[C@]12[C@H](OC(C)=O)[C@@H](OC(C)=O)[C@@H]3[C@@H](OC(C)=O)[C@]1(OC3(C)C)[C@@](C)(O)C[C@H](OC(C)=O)[C@@H]2OC(=O)/C=C\c1ccccc1,,
CHEMBL4448437,Cc1ccccc1CC1(COc2cccnc2)CCCNC1,,
CHEMBL4448438,O=C(N[C@@H](Cc1ccccc1)Cn1ccnc1)c1ccc(-c2ccccc2)c(F)c1,,
CHEMBL212957,CC[C@@]1(O)C(=O)OCc2c1cc1n(c2=O)Cc2c-1nc1ccccc1c2/C=N/CCCN(CCCCN(CCCNC(=O)OC(C)(C)C)C(=O)OC(C)(C)C)C(=O)OC(C)(C)C,,
CHEMBL3330838,Oc1ccc(Cl)cc1/C=N/Nc1ccccc1,,
CHEMBL213180,O=C(NCc1cccc(-c2cccc(-c3cc4c[nH]ccc-4n3)c2O)c1)[C@@H](O)Cc1ccccc1,,
CHEMBL3329720,CCN(Cc1ccccc1)C(=O)C1CCN(S(=O)(=O)c2cccc3c2OCCO3)CC1,,
CHEMBL4447859,CC(C)C(NC(=O)[C@@H]1CCCN1C(=O)[C@H](C)NC(=O)OC(C)(C)C)P(=O)(Oc1ccccc1)Oc1ccccc1,,
CHEMBL3329772,O=C(NCC(c1ccccc1)n1ccnc1)c1ccc(S(=O)(=O)Nc2ccccc2)cc1,,
CHEMBL213035,N#Cc1ccccc1CC(c1ccccc1)N1CCNCC1,,
CHEMBL213036,COc1ccccc1C(=O)N(C)CCc1c[nH]c2ccccc12,,
CHEMBL3330461,CS(=O)(=O)c1ccccc1-c1ccc2c(c1)OC[C@H]1[C@H](CNC(=O)c3ccc(Cl)s3)OC(=O)N21,,
CHEMBL213043,CCCN1CCC2(CC1)Oc1ccccc1C1CC(c3ccccc3)=NN12,,
CHEMBL407659,CCN[C@H](CN[C@H](CN[C@H](CN[C@H](CN[C@@H](Cc1ccc(O)cc1)CN1CCC[C@H]1CN)Cc1ccccc1)Cc1ccc(O)cc1)Cc1ccc(O)cc1)Cc1ccc(O)cc1,,
CHEMBL212976,N=C(N)NCCC[C@H]1C[C@@H](OCc2ccc3ccccc3c2)CN1C(=O)[C@@H](Cc1ccccc1)NC(=O)CCc1ccccc1,,
CHEMBL4448023,C=C1C(=O)O[C@H]2[C@H]1CC/C(COC(=O)/C=C/c1ccccc1Cl)=C\CC[C@@]1(C)O[C@@H]21,,
CHEMBL4448025,COc1ccccc1-c1ccn(CCNC(=O)N2CCCCC2)n1,,
CHEMBL4448028,Cc1ccccc1Cn1cc(COc2ccc(-c3nc(-c4ccccc4)c(-c4ccccc4)[nH]3)cc2)nn1,,
CHEMBL3331084,COc1cccc2c3c([nH]c12)C(=O)c1ccccc1C3=O,,
CHEMBL4448124,CCCCCCN(Cc1ccccc1)Cc1ccc(CNC(=O)c2csc3nc[nH]c(=O)c23)cc1,,
CHEMBL4448125,COc1ccc(Cl)cc1COc1ccccc1C(=O)Nc1cccnc1,,
CHEMBL214148,NCCCC[C@H](NC(=O)OCc1ccccc1)C(=O)c1noc(Cc2ccc(C(=O)NCCCCc3ccccc3)cc2)n1,,
CHEMBL214149,NCCCC[C@H](NC(=O)OCc1ccccc1)C(=O)c1noc(Cc2ccc(C(=O)N3CCN(Cc4ccccc4F)CC3)cc2)n1,,
CHEMBL4448223,O=C(CCc1ccccc1)c1c(O)cc2c(c1O)CC(O)C(c1ccc(O)cc1)O2,,
CHEMBL4448226,CC[C@H](Nc1nc(N)nc(N)c1Cl)c1nc2cccc(NCc3ccc(C(=O)NO)cc3)c2c(=O)n1-c1ccccc1,,
CHEMBL4448321,COc1ccccc1/C=C/C(=O)NCc1ccc(OCc2nc(C)c(C)nc2C)c(OC)c1,,
CHEMBL4448328,COc1ccccc1C1CCN(c2nc(C3(C(F)(F)F)CC3)nc3ccc(N(C)CCN4CCOCC4)cc23)CC1,,
CHEMBL4448388,COc1ccccc1S(=O)(=O)Nc1ccc2c3c(cc(-c4cnn(C)c4)nc13)C(=O)N2C,,
CHEMBL4448396,COC(=O)NC(c1cccc(C(=N)N)c1)P(=O)(Oc1ccccc1)Oc1ccccc1,,
CHEMBL4448401,COc1nc2ccc(Br)cc2cc1[C@H](c1cc(F)ccc1F)[C@](O)(CCCCN(C)C)c1ccccc1,,
CHEMBL3329748,CCN(Cc1ccccc1C)C(=O)C1CCN(S(=O)(=O)c2ccc3cn[nH]c3c2)CC1,,
CHEMBL213129,O=C1NC(=O)N(CCc2ccccc2)/C1=C/c1ccccc1,,
CHEMBL213054,CC(OC(C)(C)C)[C@H](NC(=O)OCc1ccccc1)C(=O)N[C@@H](CC1CCCCC1)C(=O)N[C@H](C=O)C[C@@H]1CCNC1=O,,
CHEMBL214222,NCCCC[C@H](NC(=O)OCc1ccccc1)C(=O)c1noc(Cc2cccc(OCCCc3ccccc3)c2)n1,,
CHEMBL4448474,O=C(NCCCCCC[P+](c1ccccc1)(c1ccccc1)c1ccccc1)c1cc(O)c(O)c(O)c1.[Br-],,
CHEMBL3331088,CCCCCCOc1ccc2[nH]c3c(c2c1)C(=O)c1ccccc1C3=O,,
CHEMBL3331101,CC[C@H](C)[C@H](N)C(=O)N[C@H](C(=O)N[C@@H](CC(C)C)C(=O)N[C@H](C(=O)N1CCC[C@H]1C(=O)N1CCC[C@H]1C(=O)NC[C@H](CC(=O)NC[C@@H](CC(=O)N[C@@H](CC(C)C)C(=O)O)Cc1ccccc1)Cc1ccccc1)C(C)C)[C@@H](C)CC,,
CHEMBL3331102,CC[C@H](C)[C@H](N)C(=O)N[C@H](C(=O)N[C@@H](CC(C)C)C(=O)N[C@H](C(=O)N1CCC[C@H]1C(=O)N1CCC[C@H]1C(=O)NC[C@@H](CC(=O)NC[C@@H](CC(=O)N[C@@H](CC(C)C)C(=O)O)Cc1ccccc1)Cc1ccccc1)C(C)C)[C@@H](C)CC,,
CHEMBL214224,N#CC(CCSC(=S)N1CCN(c2ncccn2)CC1)(c1ccccc1)c1ccccc1,,
CHEMBL4448480,O=[N+]([O-])CC(c1ccccc1)c1c(-c2ccccc2F)[nH]c2ccccc12,,
CHEMBL4448482,Cc1ccccc1S(=O)(=O)N1C[C@@H](C(=O)O)[C@H](SCCc2ccccc2)C[C@H]1c1ccc(Cl)cc1,,
CHEMBL213511,O=C(OCc1ccc2ccc(=O)oc2c1)c1ccccc1,,
CHEMBL4447701,CC(=O)N[C@@H](Cc1ccc(O)cc1)C(=O)N[C@@H](CC(C)C)C(=O)N[C@@H](Cc1ccccc1)C(=O)N[C@H](C=O)CC(C)C,,
CHEMBL213441,CCN(CC)CCNc1ccc2c3c(n(CCN(CC)CC)cc13)-c1ccccc1O2,,
CHEMBL213361,C[C@H](CCOc1ccc(CCC(=O)O)c(C(F)(F)F)c1)Oc1ccc(Cl)cc1Oc1ccccc1,,
CHEMBL213276,O=C(CCCCNc1c(O)c(=O)c1=O)Nc1ccccc1,,
CHEMBL213277,CCc1ccccc1Nc1nccc(-c2c[nH]c3ncccc23)n1,,
CHEMBL213191,O=C(O)COc1cccc2c1CC[C@](O)(COC(=O)N(c1ccccc1)c1ccc(F)cc1)C2,,
CHEMBL4447809,COc1ccccc1-c1nnc(Nc2ccc(CC(=O)N(C)C)cc2)c2c1CCC2,,
CHEMBL4447862,CC[C@H](C)[C@H](NC(=O)[C@H](CC(N)=O)NC(=O)[C@@H](NC(=O)[C@H](Cc1cnc[nH]1)NC(=O)[C@H](CCCNC(=N)N)NC(=O)[C@H](C)NC(=O)[C@H](CCCCN)NC(=O)[C@H](CCCNC(=N)N)NC(=O)[C@H](CC(C)C)NC(=O)[C@@H](NC(=O)CN)C(C)C)C(C)C)C(=O)N[C@@H](CC(C)C)C(=O)N[C@@H](CC(C)C)C(=O)N[C@@H](Cc1ccccc1)C(=O)N[C@@H](CCSC)C(=O)NCC(=O)N[C@@H](Cc1ccc(O)cc1)C(=O)N[C@@H](CO)C(=O)N[C@H](C(=O)O)[C@@H](C)O,,
CHEMBL4447867,CCCn1c(O)c(P(=O)(OCC)OCC)c2c1C(=O)c1ccccc1C2=O,,
CHEMBL213132,CCCc1ccccc1OCCCOc1ccc(OCC(=O)OC)cc1,,
CHEMBL213134,COC(=O)N[C@@H]1CC[C@H](OCc2cc(C(F)(F)F)cc(C(F)(F)F)c2)[C@H]1c1ccccc1,,
CHEMBL3330860,CC(C)S(=O)(=O)c1ccccc1Nc1nc(Nc2nc3c(s2)CCN(CCN2CCOCC2)CC3)ncc1Cl,,
CHEMBL4447943,CSCC[C@H](NC(=O)[C@H](CCC(=O)O)NC(=O)[C@H](Cc1c[nH]c2ccccc12)NC(=O)[C@H](CO)NC(=O)[C@H](CCCNC(=N)N)NC(=O)[C@H](CCCCN)NC(=O)[C@H](Cc1cnc[nH]1)NC(=O)[C@@H](NC(=O)[C@H](Cc1cnc[nH]1)NC(=O)[C@H](CC(C)C)NC(=O)[C@H](CS)NC(=O)[C@@H](NC(=O)[C@H](Cc1ccccc1)NC(=O)[C@H](Cc1c[nH]c2ccccc12)NC(=O)[C@@H]1CCCN1C(=O)[C@H](Cc1ccccc1)NC(=O)[C@H](CO)NC(=O)[C@H](C)NC(=O)[C@H](Cc1ccc(O)cc1)NC(=O)CNC(C)=O)C(C)C)C(C)C)C(=O)N[C@@H](C)C(N)=O,,
CHEMBL214297,Cc1ccccc1-n1c(-c2ccc(F)cc2)cc(CN2CCSCC2)c1C,,
CHEMBL3331382,COc1ccccc1N1CCN(CCCCCn2c(=O)oc3ccccc32)CC1,,
CHEMBL213586,O=S(=O)(Nc1cccc(N2CCNCC2)c1)c1ccccc1,,
CHEMBL4448129,C=C1[C@H](O)[C@H]2[C@@H](OC(=O)c3ccccc3)[C@](C)(O)C[C@]2(O)[C@H](OC(C)=O)[C@@H](C)/C=C/C(C)(C)C(=O)[C@H](OC(C)=O)[C@H]1OC(=O)c1ccccc1,,
CHEMBL3329427,O=C(c1ccccc1)n1cc(C2=CCNCC2)c2cc(F)ccc21,,
CHEMBL3329428,O=C(Nc1ccccc1)n1cc(C2=CCNCC2)c2cc(F)ccc21,,
CHEMBL213514,N[C@@H](C[C@@H](Cc1ccccc1)NCc1ccc(Cl)cc1)C(=O)N1CCCCC1,,
CHEMBL4448228,CCc1c(O)c(O)cc[n+]1[C@H](CO)Cc1ccccc1.[Cl-],,
CHEMBL4448237,Cc1cc(C(=O)NC(Cn2ccnc2)C(=O)c2ccccc2)ccc1-c1ccccc1,,
CHEMBL3329721,CCN(Cc1ccccc1)C(=O)C1CCN(S(=O)(=O)c2c[nH]cn2)CC1,,
CHEMBL213369,C=CCN(c1ccccc1)S(=O)(=O)c1ccc(Cl)cc1,,
CHEMBL3329750,CCN(Cc1ccccc1Cl)C(=O)C1CCN(S(=O)(=O)c2ccc3cn[nH]c3c2)CC1,,
CHEMBL4448405,CC1(C)OC2=C(CC1I)C(=O)C(=O)c1ccccc12,,
CHEMBL4448406,CCC[C@@H](Cc1c[nH]c2ccccc12)NS(=O)(=O)c1ccccc1,,
CHEMBL213287,Clc1ccccc1CC(c1ccccc1)N1CCNCC1,,
CHEMBL3330601,CN(C)c1ccccc1N1CCN(CCCCn2ncc(=O)n(C)c2=O)CC1,,
CHEMBL213204,Oc1ccccc1Nc1nccc(-c2c[nH]c3ncccc23)n1,,
CHEMBL213209,O=CC(Cc1ccccc1)NC(=O)[C@H]1CCCN1S(=O)(=O)c1ccc(Cl)cc1,,
CHEMBL4448496,CCCCCCCC(=O)N[C@@H](C(=O)N[C@@H](CCN)C(=O)NCC(=O)N[C@H](CO)C(=O)N[C@H](Cc1c[nH]c2ccccc12)C(=O)N[C@@H](CO)C(=O)N[C@@H](CCN)C(=O)N[C@H](CCN)C(=O)N[C@@H](Cc1ccccc1)C(=O)N[C@@H](CCC(=O)O)C(=O)N[C@H](C(=O)N[C@@H](C(=O)N[C@@H](C)C(=O)O)C(C)C)C(C)C)C(C)C,,
CHEMBL3330865,CC(C)S(=O)(=O)c1ccccc1Nc1nc(Nc2nc(C(=O)O)cs2)ncc1Cl,,
CHEMBL213216,C[C@H](NC(=O)[C@@H](CO)NC(=O)c1cccs1)C(=O)NC(Cc1ccc(NC(=N)N)cc1)P(=O)(Oc1ccccc1)Oc1ccccc1,,
CHEMBL213217,O=C(NCC1=NCCN1)c1ccccc1,,
CHEMBL214459,O=C1c2ccccc2C(OCc2ccc(O)cc2)(c2ccccc2)N1Cc1ccccc1,,
CHEMBL3331103,CC[C@H](C)[C@H](N)C(=O)N[C@H](C(=O)N[C@@H](CC(C)C)C(=O)N[C@H](C(=O)N1CCC[C@H]1C(=O)N1CCC[C@H]1C(=O)NC[C@@H](CC(=O)N[C@@H](Cc1ccccc1)C(=O)N[C@@H](CC(C)C)C(=O)O)Cc1ccccc1)C(C)C)[C@@H](C)CC,,
CHEMBL3331104,CC[C@H](C)[C@H](N)C(=O)N[C@H](C(=O)N[C@@H](CC(C)C)C(=O)N[C@H](C(=O)N1CCC[C@H]1C(=O)N1CCC[C@H]1C(=O)N[C@@H](Cc1ccccc1)C(=O)NC[C@@H](CC(=O)N[C@@H](CC(C)C)C(=O)O)Cc1ccccc1)C(C)C)[C@@H](C)CC,,
CHEMBL214301,CC(c1ccc(C(=O)c2ccccc2)cc1OCCCN1CCCC1)N(c1ccccc1)S(=O)(=O)c1ccc(Cl)cc1,,
CHEMBL213751,N=C(N)NCCC[C@@H]1C[C@@H](OCc2ccc3ccccc3c2)CN1C(=O)[C@@H](Cc1ccccc1)NC(=O)C1Cc2ccccc2CN1,,
CHEMBL213601,C[C@H]1CN(CC[C@H](C(=O)NCc2cc(C(F)(F)F)cc(C(F)(F)F)c2)c2ccc(F)cc2)CC[C@@]12C=Cc1ccccc12,,
CHEMBL213520,CCOc1ccccc1/C=C1\C(=O)N(c2ccc(S(N)(=O)=O)cc2)N=C1C,,
CHEMBL213523,O=C(Cc1ccccc1)NCc1ccc(-c2nc(C(=O)N3CCC(CO)CC3)co2)cc1,,
CHEMBL3329729,CCN(Cc1ccccc1)C(=O)C1CCN(S(=O)(=O)c2ccc3occc3c2)CC1,,
CHEMBL213452,CCOC(=O)C(Cc1ccc(NS(=O)(=O)O)cc1)(NC(=O)OCc1ccccc1)C(=O)OC.N,,
CHEMBL213527,Cc1nnc(C(C)C)n1C1CC12CC1CCC2N1CC[C@H](NC(=O)C1CCC1)c1ccccc1,,
CHEMBL4447753,Cc1ccccc1CN1CCN(c2cn[nH]c(=O)c2Br)CC1,,
CHEMBL4447755,O=[N+]([O-])c1ccccc1-n1cc(-c2cccc(Nc3ncnc4cc5c(cc34)OCO5)c2)nn1,,
CHEMBL213378,CCCNc1nc2c(N)nc(OCCOC)nc2n1Cc1ccccc1,,
CHEMBL4447812,CC[C@H](C)[C@H](NC(=O)[C@H](CC(C)C)NC(=O)[C@H](CCCCN)NC(=O)[C@H](CC(N)=O)NC(=O)[C@H](Cc1cnc[nH]1)NC(=O)[C@H](CCCNC(=N)N)NC(=O)[C@H](Cc1ccccc1)NC(=O)[C@@H](NC(=O)[C@H](Cc1ccccc1)NC(=O)[C@@H](NC(=O)[C@@H](NC(=O)[C@@H](NC(=O)[C@H](CCCCN)NC(=O)[C@@H](NC(=O)[C@H](CS)NC(=O)CNC(=O)[C@H](CCCNC(=N)N)NC(=O)CNC(=O)[C@H](CO)NC(=O)CCC(=O)NCCCOCCOCCOCCCNC(=O)CCCC[C@@H]1SC[C@@H]2NC(=O)N[C@@H]21)[C@@H](C)O)C(C)C)[C@@H](C)CC)C(C)C)[C@@H](C)O)C(=O)NCC(=O)N[C@@H](Cc1ccc(O)cc1)C(=O)N[C@@H](CCC(=O)O)C(=O)N[C@@H](CCCNC(=N)N)C(=O)N[C@@H](CCCNC(=N)N)C(=O)N[C@@H](Cc1ccc(O)cc1)C(=O)N[C@@H](CC(N)=O)C(=O)N[C@@H](CS)C(=O)N[C@H](C(=O)N[C@@H](CO)C(N)=O)[C@@H](C)O,,
CHEMBL4447817,C=C[C@H]1[C@H](O[C@@H]2O[C@H](CO)[C@@H](O)[C@H](O)[C@H]2O)OC=C(C(=O)OC)[C@H]1Cc1nc(C(=O)OC)cc2c1[nH]c1ccccc12,,
CHEMBL214460,O=C1c2ccccc2C(=O)N1CCOC1(c2ccccc2)c2ccccc2C(=O)N1Cc1ccccc1,,
CHEMBL4447947,CC(C)CN(C[C@@H](O)[C@H](Cc1ccccc1)NC(=O)Cn1cnc2c(Cl)nc(N)nc21)S(=O)(=O)c1ccc(N)cc1,,
CHEMBL214380,O=C(O)COc1cccc2c1CC[C@](O)(COC(=O)N(c1ccccc1)c1ccc(O)cc1)C2,,
CHEMBL214385,C[C@H](NC(=O)Cc1ccccc1)C(=O)N1O[C@H](C(=O)O)C[C@@H]1C(=O)O,,
CHEMBL4447977,CC(=O)NCCN(Cc1ccccc1)C(=O)c1nn(C)c2c1COc1ccccc1-2,,
CHEMBL4447983,CSCC[C@H](NC(C)=O)C(=O)N[C@@H](CCCNC(=N)N)C(=O)N[C@@H](CC(=O)O)C(=O)N[C@@H](CCSC)C(=O)N[C@@H](CCCCN)C(=O)NCC(=O)N[C@H](C(=O)N[C@@H](CCSC)C(=O)N[C@@H](CO)C(=O)N[C@@H](CS)C(=O)N[C@H](C(=O)N[C@@H](Cc1c[nH]c2ccccc12)C(=O)N[C@H](C(=O)N[C@@H](CCCCN)C(=O)N[C@@H](Cc1ccccc1)C(=O)N[C@@H](CCCNC(=N)N)C(=O)N[C@@H](Cc1ccc(O)cc1)C(=O)N[C@@H](CC(=O)O)C(=O)N[C@H](C(=O)N[C@@H](CO)C(N)=O)[C@@H](C)O)C(C)C)C(C)C)[C@@H](C)O,,
CHEMBL213752,N=C(N)NCCC[C@@H]1C[C@@H](OCc2ccc3ccccc3c2)CN1C(=O)[C@@H](Cc1ccccc1)NC(=O)C1CCCCN1,,
CHEMBL4448030,N#C/C(=C\c1cc(O)c(O)c([N+](=O)[O-])c1)c1cnccn1,,
CHEMBL213679,O=C(O)COc1cccc2c1C(O)C[C@](O)(COC(=O)N(c1ccccc1)c1ccccc1)C2,,
CHEMBL213686,CCC(c1nn2c(Cl)ccc2c(=O)n1Cc1ccccc1)N(CCCN)C(=O)c1ccc(C)cc1,,
CHEMBL4448135,CC(=O)N[C@@H](CS)C(=O)N[C@@H](C)C(=O)N[C@@H](CC(=O)O)C(=O)N[C@@H](Cc1c[nH]c2ccccc12)C(=O)N[C@H](C(=O)N[C@@H](CS)C(=O)N[C@@H](Cc1ccc(O)cc1)C(=O)N[C@@H](Cc1c[nH]c2ccccc12)C(=O)N[C@@H](Cc1cnc[nH]1)C(=O)N[C@H](C(N)=O)[C@@H](C)O)C(C)C,,
CHEMBL3329731,CCN(Cc1ccccc1)C(=O)C1CCN(S(=O)(=O)c2ccc3cn[nH]c3c2)CC1,,
CHEMBL213528,CN(CCOc1ccccc1Sc1cccc(Cl)c1)CC(=O)O,,
CHEMBL213460,CN(CCOc1ccccc1Sc1ccc(F)cc1)CC(=O)O,,
CHEMBL4448343,Cc1cccc2c1N(Cc1ccccc1)C(=O)C21C(C#N)=C(N)Oc2cc3oc(-c4ccccc4)cc(=O)c3c(O)c21,,
CHEMBL213394,CC(C(=O)O)N(C)CCOc1ccccc1Sc1cccc(Cl)c1,,
CHEMBL3331281,Cc1nc2ccccc2c(=O)n1CC(=O)NCc1ccco1,,
CHEMBL214473,COC(=O)[C@H](CC(C)C)NP(=O)(OC[C@H]1C=C[C@@H](n2cnc3c(N)ncnc32)C1)Oc1ccccc1,,
CHEMBL214545,O=C1c2ccccc2C(OCc2cccc(O)c2)(c2ccccc2)N1Cc1ccccc1,,
CHEMBL4448505,CC[C@H](C)[C@H](NC(=O)[C@@H](NC(=O)[C@H](CC(C)C)NC(=O)[C@H](Cc1ccccc1)NC(=O)[C@H](Cc1ccc(O)cc1)NC(=O)[C@H](CC(C)C)NC(=O)[C@H](CC(C)C)NC(=O)[C@H](CCCNC(=N)N)NC(=O)[C@H](CCC(=O)O)NC(=O)[C@H](CC(=O)O)NC(=O)[C@@H](NC(=O)[C@H](Cc1ccccc1)NC(=O)[C@@H](NC(=O)[C@H](CC(N)=O)NC(=O)CNC(=O)[C@H](CO)NC(=O)[C@H](CCCCN)NC(=O)[C@H](CCCCN)NC(C)=O)[C@@H](C)O)C(C)C)[C@@H](C)O)C(=O)NCC(=O)N[C@@H](CC(N)=O)C(=O)N[C@@H](CCSC)C(=O)NCC(=O)N[C@@H](CCSC)C(=O)N[C@@H](Cc1ccc(O)cc1)C(=O)N[C@@H](CCCCN)C(=O)N[C@@H](CCCCN)C(N)=O,,
CHEMBL3331416,Cc1ccccc1N(Cc1cn(CC(=O)c2ccccc2)nn1)C1=CC(=O)c2ccccc2C1=O,,
CHEMBL4448521,CC[C@H](C)[C@H](NC(=O)C(CO)NC(=O)[C@@H]1CCCN1C(=O)[C@H](CC(C)C)NC(=O)[C@H](Cc1ccc(O)cc1)NC(=O)[C@H](C)NC(=O)[C@H](Cc1cnc[nH]1)NC(=O)[C@H](Cc1cnc[nH]1)NC(=O)[C@H](CC(C)C)NC(=O)[C@@H](NC(=O)[C@@H]1CCCN1C(=O)[C@H](CC(C)C)NC(=O)[C@H](CC(N)=O)NC(=O)[C@H](CC(C)C)NC(=O)[C@@H](N)CO)[C@@H](C)CC)C(=O)NCC(=O)NCC(=O)N[C@H](C(=O)O)C(C)C,,
CHEMBL213845,Clc1ccccc1C1=NC(c2ccccc2)CO1,,
CHEMBL4448533,O=C(NC1CC1)C(=O)C(Cc1ccccc1)NC(=O)[C@H]1CCC(=O)N1Cc1c(OC(F)(F)F)cccc1C(F)(F)F,,
CHEMBL213608,O=C(Cc1cc([N+](=O)[O-])ccc1Cl)NC(CCS)C(=O)N[C@H](Cc1ccccc1)C(=O)O,,
CHEMBL213613,CN1[C@@H](C[C@H](O)c2ccccc2)CCC[C@H]1/C=C/c1ccccc1,,
CHEMBL213615,O=C(NC(CCS)C(=O)N[C@H](Cc1ccccc1)C(=O)O)c1ccc2[nH]ccc2c1,,